CREATE DATABASE  IF NOT EXISTS `gestin` /*!40100 DEFAULT CHARACTER SET utf8mb4 */;
USE `gestin`;
-- MySQL dump 10.13  Distrib 8.0.17, for Win64 (x86_64)
--
-- Host: localhost    Database: gestin
-- ------------------------------------------------------
-- Server version	5.7.26

/*!40101 SET @OLD_CHARACTER_SET_CLIENT=@@CHARACTER_SET_CLIENT */;
/*!40101 SET @OLD_CHARACTER_SET_RESULTS=@@CHARACTER_SET_RESULTS */;
/*!40101 SET @OLD_COLLATION_CONNECTION=@@COLLATION_CONNECTION */;
/*!50503 SET NAMES utf8 */;
/*!40103 SET @OLD_TIME_ZONE=@@TIME_ZONE */;
/*!40103 SET TIME_ZONE='+00:00' */;
/*!40014 SET @OLD_UNIQUE_CHECKS=@@UNIQUE_CHECKS, UNIQUE_CHECKS=0 */;
/*!40014 SET @OLD_FOREIGN_KEY_CHECKS=@@FOREIGN_KEY_CHECKS, FOREIGN_KEY_CHECKS=0 */;
/*!40101 SET @OLD_SQL_MODE=@@SQL_MODE, SQL_MODE='NO_AUTO_VALUE_ON_ZERO' */;
/*!40111 SET @OLD_SQL_NOTES=@@SQL_NOTES, SQL_NOTES=0 */;

--
-- Table structure for table `11_2in`
--

DROP TABLE IF EXISTS `11_2in`;
/*!40101 SET @saved_cs_client     = @@character_set_client */;
/*!50503 SET character_set_client = utf8mb4 */;
CREATE TABLE `11_2in` (
  `id` int(11) NOT NULL AUTO_INCREMENT,
  `idInstalacion` varchar(255) NOT NULL,
  `idTipoActuacion` int(11) NOT NULL,
  `idUsuario` varchar(255) NOT NULL,
  `idNumSerie` varchar(255) NOT NULL,
  `observaciones` longtext NOT NULL,
  `fechaActuacion` date NOT NULL,
  `precio` int(11) NOT NULL,
  `activo` varchar(255) NOT NULL,
  `albaran` int(11) NOT NULL,
  PRIMARY KEY (`id`)
) ENGINE=MyISAM AUTO_INCREMENT=3 DEFAULT CHARSET=utf8mb4;
/*!40101 SET character_set_client = @saved_cs_client */;

--
-- Dumping data for table `11_2in`
--

LOCK TABLES `11_2in` WRITE;
/*!40000 ALTER TABLE `11_2in` DISABLE KEYS */;
INSERT INTO `11_2in` VALUES (1,'1',4,'1','12','12','2019-08-03',22,'true',12),(2,'1',7,'dtrillo','1','123','2019-10-17',2,'true',12);
/*!40000 ALTER TABLE `11_2in` ENABLE KEYS */;
UNLOCK TABLES;

--
-- Table structure for table `11_322`
--

DROP TABLE IF EXISTS `11_322`;
/*!40101 SET @saved_cs_client     = @@character_set_client */;
/*!50503 SET character_set_client = utf8mb4 */;
CREATE TABLE `11_322` (
  `id` int(10) unsigned NOT NULL AUTO_INCREMENT,
  `idInstalacion` varchar(255) CHARACTER SET utf8 DEFAULT NULL,
  `idTipoActuacion` int(11) DEFAULT NULL,
  `idNumSerie` int(11) DEFAULT NULL,
  `idUsuario` varchar(250) NOT NULL,
  `observaciones` varchar(255) CHARACTER SET utf8 DEFAULT NULL,
  `fechaActuacion` date DEFAULT NULL,
  `precio` int(11) DEFAULT NULL,
  `activo` varchar(255) NOT NULL,
  `albaran` int(11) NOT NULL,
  PRIMARY KEY (`id`),
  KEY `idInstalacion` (`idInstalacion`),
  KEY `idTipoActuación` (`idTipoActuacion`),
  KEY `idNumSerie` (`idNumSerie`),
  KEY `idUsuario` (`idUsuario`)
) ENGINE=MyISAM AUTO_INCREMENT=5 DEFAULT CHARSET=utf8mb4;
/*!40101 SET character_set_client = @saved_cs_client */;

--
-- Dumping data for table `11_322`
--

LOCK TABLES `11_322` WRITE;
/*!40000 ALTER TABLE `11_322` DISABLE KEYS */;
INSERT INTO `11_322` VALUES (2,'1',3,55,'1','','2019-08-30',22222,'false',11),(4,'1',1,233,'dtrillo','dfdf','2019-10-25',21,'true',123);
/*!40000 ALTER TABLE `11_322` ENABLE KEYS */;
UNLOCK TABLES;

--
-- Table structure for table `12_200`
--

DROP TABLE IF EXISTS `12_200`;
/*!40101 SET @saved_cs_client     = @@character_set_client */;
/*!50503 SET character_set_client = utf8mb4 */;
CREATE TABLE `12_200` (
  `id` int(10) unsigned NOT NULL AUTO_INCREMENT,
  `idInstalacion` varchar(255) DEFAULT NULL,
  `idTipoActuacion` int(11) DEFAULT NULL,
  `idNumSerie` varchar(255) DEFAULT NULL,
  `idUsuario` varchar(250) NOT NULL,
  `observaciones` varchar(255) DEFAULT NULL,
  `fechaActuacion` date DEFAULT NULL,
  `precio` int(11) DEFAULT NULL,
  `activo` varchar(255) NOT NULL,
  `albaran` int(11) NOT NULL,
  PRIMARY KEY (`id`),
  KEY `idInstalacion` (`idInstalacion`),
  KEY `idTipoActuación` (`idTipoActuacion`),
  KEY `idNumSerie` (`idNumSerie`),
  KEY `idUsuario` (`idUsuario`)
) ENGINE=MyISAM AUTO_INCREMENT=5 DEFAULT CHARSET=utf8;
/*!40101 SET character_set_client = @saved_cs_client */;

--
-- Dumping data for table `12_200`
--

LOCK TABLES `12_200` WRITE;
/*!40000 ALTER TABLE `12_200` DISABLE KEYS */;
INSERT INTO `12_200` VALUES (1,'1',3,'12','1','121212','2019-08-24',12,'true',12),(2,'1',3,'13','1','123','2019-08-15',12,'false',12),(3,'1',7,'11','dtrillo','23','2019-10-18',23,'true',23),(4,'1',7,'11','dtrillo','23','2019-10-18',23,'true',23);
/*!40000 ALTER TABLE `12_200` ENABLE KEYS */;
UNLOCK TABLES;

--
-- Table structure for table `12_300`
--

DROP TABLE IF EXISTS `12_300`;
/*!40101 SET @saved_cs_client     = @@character_set_client */;
/*!50503 SET character_set_client = utf8mb4 */;
CREATE TABLE `12_300` (
  `id` int(10) unsigned NOT NULL AUTO_INCREMENT,
  `idInstalacion` varchar(255) DEFAULT NULL,
  `idTipoActuacion` int(11) DEFAULT NULL,
  `idNumSerie` varchar(255) DEFAULT NULL,
  `idUsuario` varchar(250) NOT NULL,
  `observaciones` varchar(255) DEFAULT NULL,
  `fechaActuacion` date DEFAULT NULL,
  `precio` int(11) DEFAULT NULL,
  `activo` varchar(255) NOT NULL,
  `albaran` int(11) NOT NULL,
  PRIMARY KEY (`id`),
  KEY `idInstalacion` (`idInstalacion`),
  KEY `idTipoActuación` (`idTipoActuacion`),
  KEY `idNumSerie` (`idNumSerie`),
  KEY `idUsuario` (`idUsuario`)
) ENGINE=MyISAM AUTO_INCREMENT=5 DEFAULT CHARSET=utf8;
/*!40101 SET character_set_client = @saved_cs_client */;

--
-- Dumping data for table `12_300`
--

LOCK TABLES `12_300` WRITE;
/*!40000 ALTER TABLE `12_300` DISABLE KEYS */;
INSERT INTO `12_300` VALUES (1,'1',3,'2222','1','22222212','2019-08-22',222,'true',2222),(2,'1',3,'2222','1','','2019-08-09',0,'true',0),(3,'1',1,'2','1','','2019-09-11',0,'true',0),(4,'1',4,'233','dtrillo','13','2019-10-18',1,'true',23);
/*!40000 ALTER TABLE `12_300` ENABLE KEYS */;
UNLOCK TABLES;

--
-- Table structure for table `12_bici`
--

DROP TABLE IF EXISTS `12_bici`;
/*!40101 SET @saved_cs_client     = @@character_set_client */;
/*!50503 SET character_set_client = utf8mb4 */;
CREATE TABLE `12_bici` (
  `id` int(10) unsigned NOT NULL AUTO_INCREMENT,
  `idInstalacion` varchar(255) DEFAULT NULL,
  `idTipoActuacion` int(11) DEFAULT NULL,
  `idNumSerie` varchar(255) DEFAULT NULL,
  `idUsuario` varchar(250) NOT NULL,
  `observaciones` varchar(255) DEFAULT NULL,
  `fechaActuacion` date DEFAULT NULL,
  `precio` int(11) DEFAULT NULL,
  `activo` varchar(255) NOT NULL,
  `albaran` int(11) NOT NULL,
  PRIMARY KEY (`id`),
  KEY `idInstalacion` (`idInstalacion`),
  KEY `idTipoActuación` (`idTipoActuacion`),
  KEY `idNumSerie` (`idNumSerie`),
  KEY `idUsuario` (`idUsuario`)
) ENGINE=MyISAM AUTO_INCREMENT=2 DEFAULT CHARSET=utf8;
/*!40101 SET character_set_client = @saved_cs_client */;

--
-- Dumping data for table `12_bici`
--

LOCK TABLES `12_bici` WRITE;
/*!40000 ALTER TABLE `12_bici` DISABLE KEYS */;
INSERT INTO `12_bici` VALUES (1,'1',3,'22','1','123123','2019-08-22',3333,'true',222);
/*!40000 ALTER TABLE `12_bici` ENABLE KEYS */;
UNLOCK TABLES;

--
-- Table structure for table `12_pea_bici`
--

DROP TABLE IF EXISTS `12_pea_bici`;
/*!40101 SET @saved_cs_client     = @@character_set_client */;
/*!50503 SET character_set_client = utf8mb4 */;
CREATE TABLE `12_pea_bici` (
  `id` int(10) unsigned NOT NULL AUTO_INCREMENT,
  `idInstalacion` varchar(255) DEFAULT NULL,
  `idTipoActuacion` int(11) DEFAULT NULL,
  `idNumSerie` varchar(255) DEFAULT NULL,
  `idUsuario` varchar(250) NOT NULL,
  `observaciones` varchar(255) DEFAULT NULL,
  `fechaActuacion` date DEFAULT NULL,
  `precio` int(11) DEFAULT NULL,
  `activo` varchar(255) NOT NULL,
  `albaran` int(11) NOT NULL,
  PRIMARY KEY (`id`),
  KEY `idInstalacion` (`idInstalacion`),
  KEY `idTipoActuación` (`idTipoActuacion`),
  KEY `idNumSerie` (`idNumSerie`),
  KEY `idUsuario` (`idUsuario`)
) ENGINE=MyISAM AUTO_INCREMENT=2 DEFAULT CHARSET=utf8;
/*!40101 SET character_set_client = @saved_cs_client */;

--
-- Dumping data for table `12_pea_bici`
--

LOCK TABLES `12_pea_bici` WRITE;
/*!40000 ALTER TABLE `12_pea_bici` DISABLE KEYS */;
INSERT INTO `12_pea_bici` VALUES (1,'1',3,'12332','1','231312','2019-08-22',2312,'true',123123);
/*!40000 ALTER TABLE `12_pea_bici` ENABLE KEYS */;
UNLOCK TABLES;

--
-- Table structure for table `12_pp`
--

DROP TABLE IF EXISTS `12_pp`;
/*!40101 SET @saved_cs_client     = @@character_set_client */;
/*!50503 SET character_set_client = utf8mb4 */;
CREATE TABLE `12_pp` (
  `id` int(10) unsigned NOT NULL AUTO_INCREMENT,
  `idInstalacion` varchar(255) DEFAULT NULL,
  `idTipoActuacion` int(11) DEFAULT NULL,
  `idNumSerie` varchar(255) DEFAULT NULL,
  `idUsuario` varchar(250) NOT NULL,
  `observaciones` varchar(255) DEFAULT NULL,
  `fechaActuacion` date DEFAULT NULL,
  `precio` int(11) DEFAULT NULL,
  `activo` varchar(255) NOT NULL,
  `albaran` int(11) NOT NULL,
  PRIMARY KEY (`id`),
  KEY `idInstalacion` (`idInstalacion`),
  KEY `idTipoActuación` (`idTipoActuacion`),
  KEY `idNumSerie` (`idNumSerie`),
  KEY `idUsuario` (`idUsuario`)
) ENGINE=MyISAM AUTO_INCREMENT=2 DEFAULT CHARSET=utf8;
/*!40101 SET character_set_client = @saved_cs_client */;

--
-- Dumping data for table `12_pp`
--

LOCK TABLES `12_pp` WRITE;
/*!40000 ALTER TABLE `12_pp` DISABLE KEYS */;
INSERT INTO `12_pp` VALUES (1,'1',3,'12','1','12','2019-08-17',232,'true',3);
/*!40000 ALTER TABLE `12_pp` ENABLE KEYS */;
UNLOCK TABLES;

--
-- Table structure for table `13_200`
--

DROP TABLE IF EXISTS `13_200`;
/*!40101 SET @saved_cs_client     = @@character_set_client */;
/*!50503 SET character_set_client = utf8mb4 */;
CREATE TABLE `13_200` (
  `id` int(10) unsigned NOT NULL AUTO_INCREMENT,
  `idInstalacion` varchar(255) DEFAULT NULL,
  `idTipoActuacion` int(11) DEFAULT NULL,
  `idNumSerie` varchar(255) DEFAULT NULL,
  `idUsuario` varchar(250) NOT NULL,
  `observaciones` varchar(255) DEFAULT NULL,
  `fechaActuacion` date DEFAULT NULL,
  `precio` int(11) DEFAULT NULL,
  `activo` varchar(255) NOT NULL,
  `albaran` int(11) NOT NULL,
  PRIMARY KEY (`id`),
  KEY `idInstalacion` (`idInstalacion`),
  KEY `idTipoActuación` (`idTipoActuacion`),
  KEY `idNumSerie` (`idNumSerie`),
  KEY `idUsuario` (`idUsuario`)
) ENGINE=MyISAM AUTO_INCREMENT=3 DEFAULT CHARSET=utf8;
/*!40101 SET character_set_client = @saved_cs_client */;

--
-- Dumping data for table `13_200`
--

LOCK TABLES `13_200` WRITE;
/*!40000 ALTER TABLE `13_200` DISABLE KEYS */;
INSERT INTO `13_200` VALUES (1,'1',4,'12233','1','123123123','2019-08-22',23123,'true',123),(2,'1',4,'0','dtrillo','3','2019-10-18',123,'true',23);
/*!40000 ALTER TABLE `13_200` ENABLE KEYS */;
UNLOCK TABLES;

--
-- Table structure for table `baculos`
--

DROP TABLE IF EXISTS `baculos`;
/*!40101 SET @saved_cs_client     = @@character_set_client */;
/*!50503 SET character_set_client = utf8mb4 */;
CREATE TABLE `baculos` (
  `id` int(10) unsigned NOT NULL AUTO_INCREMENT,
  `idInstalacion` varchar(255) DEFAULT NULL,
  `idTipoActuacion` int(11) DEFAULT NULL,
  `idNumSerie` varchar(255) DEFAULT NULL,
  `idUsuario` varchar(250) NOT NULL,
  `observaciones` varchar(255) DEFAULT NULL,
  `fechaActuacion` date DEFAULT NULL,
  `precio` int(11) DEFAULT NULL,
  `activo` varchar(255) NOT NULL,
  `albaran` int(11) NOT NULL,
  PRIMARY KEY (`id`),
  KEY `idInstalacion` (`idInstalacion`),
  KEY `idTipoActuación` (`idTipoActuacion`),
  KEY `idNumSerie` (`idNumSerie`),
  KEY `idUsuario` (`idUsuario`)
) ENGINE=MyISAM DEFAULT CHARSET=utf8;
/*!40101 SET character_set_client = @saved_cs_client */;

--
-- Dumping data for table `baculos`
--

LOCK TABLES `baculos` WRITE;
/*!40000 ALTER TABLE `baculos` DISABLE KEYS */;
/*!40000 ALTER TABLE `baculos` ENABLE KEYS */;
UNLOCK TABLES;

--
-- Table structure for table `bustren`
--

DROP TABLE IF EXISTS `bustren`;
/*!40101 SET @saved_cs_client     = @@character_set_client */;
/*!50503 SET character_set_client = utf8mb4 */;
CREATE TABLE `bustren` (
  `id` int(10) unsigned NOT NULL AUTO_INCREMENT,
  `idInstalacion` varchar(255) DEFAULT NULL,
  `idTipoActuacion` int(11) DEFAULT NULL,
  `idNumSerie` varchar(255) DEFAULT NULL,
  `idUsuario` varchar(250) NOT NULL,
  `observaciones` varchar(255) DEFAULT NULL,
  `fechaActuacion` date DEFAULT NULL,
  `precio` int(11) DEFAULT NULL,
  `activo` varchar(255) NOT NULL,
  `albaran` int(11) NOT NULL,
  PRIMARY KEY (`id`),
  KEY `idInstalacion` (`idInstalacion`),
  KEY `idTipoActuación` (`idTipoActuacion`),
  KEY `idNumSerie` (`idNumSerie`),
  KEY `idUsuario` (`idUsuario`)
) ENGINE=MyISAM AUTO_INCREMENT=7 DEFAULT CHARSET=utf8;
/*!40101 SET character_set_client = @saved_cs_client */;

--
-- Dumping data for table `bustren`
--

LOCK TABLES `bustren` WRITE;
/*!40000 ALTER TABLE `bustren` DISABLE KEYS */;
INSERT INTO `bustren` VALUES (3,'1',3,'3','1','w','2019-08-22',4,'true',2),(4,'1',3,'33','1','13','2019-08-09',0,'true',0),(5,'10',3,'33','1','12','2019-08-16',1,'true',23),(6,'1',4,'2','dtrillo','123','2019-10-17',0,'true',32);
/*!40000 ALTER TABLE `bustren` ENABLE KEYS */;
UNLOCK TABLES;

--
-- Table structure for table `camip`
--

DROP TABLE IF EXISTS `camip`;
/*!40101 SET @saved_cs_client     = @@character_set_client */;
/*!50503 SET character_set_client = utf8mb4 */;
CREATE TABLE `camip` (
  `id` int(10) unsigned NOT NULL AUTO_INCREMENT,
  `idInstalacion` varchar(255) DEFAULT NULL,
  `idTipoActuacion` int(11) DEFAULT NULL,
  `idNumSerie` varchar(255) DEFAULT NULL,
  `idUsuario` varchar(250) NOT NULL,
  `observaciones` varchar(255) DEFAULT NULL,
  `fechaActuacion` date DEFAULT NULL,
  `precio` int(11) DEFAULT NULL,
  `activo` varchar(255) NOT NULL,
  `albaran` int(11) NOT NULL,
  PRIMARY KEY (`id`),
  KEY `idInstalacion` (`idInstalacion`),
  KEY `idTipoActuación` (`idTipoActuacion`),
  KEY `idNumSerie` (`idNumSerie`),
  KEY `idUsuario` (`idUsuario`)
) ENGINE=MyISAM AUTO_INCREMENT=3 DEFAULT CHARSET=utf8;
/*!40101 SET character_set_client = @saved_cs_client */;

--
-- Dumping data for table `camip`
--

LOCK TABLES `camip` WRITE;
/*!40000 ALTER TABLE `camip` DISABLE KEYS */;
INSERT INTO `camip` VALUES (1,'TV 017',4,'23','1','1545123','2019-08-23',123,'true',2342),(2,'CENTRAL 1',4,'3','1','23','2019-08-23',3,'true',3);
/*!40000 ALTER TABLE `camip` ENABLE KEYS */;
UNLOCK TABLES;

--
-- Table structure for table `camtv`
--

DROP TABLE IF EXISTS `camtv`;
/*!40101 SET @saved_cs_client     = @@character_set_client */;
/*!50503 SET character_set_client = utf8mb4 */;
CREATE TABLE `camtv` (
  `id` int(10) unsigned NOT NULL AUTO_INCREMENT,
  `idInstalacion` varchar(255) DEFAULT NULL,
  `idTipoActuacion` int(11) DEFAULT NULL,
  `idNumSerie` varchar(255) DEFAULT NULL,
  `idUsuario` varchar(250) NOT NULL,
  `observaciones` varchar(255) DEFAULT NULL,
  `fechaActuacion` date DEFAULT NULL,
  `precio` int(11) DEFAULT NULL,
  `activo` varchar(255) NOT NULL,
  `albaran` int(11) NOT NULL,
  PRIMARY KEY (`id`),
  KEY `idInstalacion` (`idInstalacion`),
  KEY `idTipoActuación` (`idTipoActuacion`),
  KEY `idNumSerie` (`idNumSerie`),
  KEY `idUsuario` (`idUsuario`)
) ENGINE=MyISAM DEFAULT CHARSET=utf8;
/*!40101 SET character_set_client = @saved_cs_client */;

--
-- Dumping data for table `camtv`
--

LOCK TABLES `camtv` WRITE;
/*!40000 ALTER TABLE `camtv` DISABLE KEYS */;
/*!40000 ALTER TABLE `camtv` ENABLE KEYS */;
UNLOCK TABLES;

--
-- Table structure for table `cm`
--

DROP TABLE IF EXISTS `cm`;
/*!40101 SET @saved_cs_client     = @@character_set_client */;
/*!50503 SET character_set_client = utf8mb4 */;
CREATE TABLE `cm` (
  `id` int(10) unsigned NOT NULL,
  `ubicacion` varchar(255) DEFAULT NULL,
  `idUsuario` varchar(251) DEFAULT NULL,
  `idCarlos` int(11) DEFAULT NULL,
  `ubicacionNYXPalma` varchar(255) DEFAULT NULL,
  PRIMARY KEY (`id`),
  KEY `idUsuario` (`idUsuario`)
) ENGINE=MyISAM DEFAULT CHARSET=utf8;
/*!40101 SET character_set_client = @saved_cs_client */;

--
-- Dumping data for table `cm`
--

LOCK TABLES `cm` WRITE;
/*!40000 ALTER TABLE `cm` DISABLE KEYS */;
INSERT INTO `cm` VALUES (10101,'CARRER CONSOLAT FRENTE Nº 2','1',129,'CE CONSOLAT, 2'),(10103,'NULL','0',0,'CE FORN DE LA GLORIA, 17A'),(10104,'NULL','0',0,'CE VALLSECA, 22'),(10105,'NULL','0',0,'CE SANT PERE, 31'),(10106,'NULL','0',0,'CE CAN CIFRE, 7'),(10201,'NULL','0',0,'PE MALLORCA, 28'),(10202,'NULL','0',0,'PC MERCAT, 11'),(10204,'NULL','0',0,'CE PROTECTORA, 10'),(10205,'NULL','0',0,'AD JAUME III, 22'),(10207,'NULL','0',0,'CE AIGUA, nan'),(10208,'NULL','0',0,'CE BONAIRE, nan'),(10209,'NULL','0',0,'CE BONAIRE, nan'),(10210,'NULL','0',0,'CE MISERICORDIA, 42'),(10211,'NULL','0',0,'CO PROHOMONIA, nan'),(10304,'NULL','0',0,'CE MONTI-SION, 24'),(10307,'NULL','0',0,'CE SANT BARTOMEU, 7A'),(10308,'NULL','0',0,'CE ESTUDI GENERAL, 1'),(10309,'NULL','0',0,'PARC PARC DE LA MAR, nan'),(10310,'NULL','0',0,'PC SALVADOR COLL, 11'),(10311,'NULL','0',0,'PC MERCAT, nan'),(10313,'NULL','0',0,'PC FREDERIC CHOPIN, FTE 4'),(10314,'NULL','0',0,'PE DALT MURADA, nan'),(10316,'NULL','0',0,'CE RUBI, nan'),(10318,'NULL','0',0,'CE MIRADOR, nan'),(10319,'NULL','0',0,'CE PORTA DE MAR, nan'),(10320,'NULL','0',0,'PE BORN, nan'),(10321,'NULL','0',0,'PC MERCAT, FTE 7'),(10323,'NULL','0',0,'CE VICTORIA, 6'),(52202,'NULL','0',0,'CE SANT ISIDRE LLAURADOR, 22'),(52203,'NULL','0',0,'CE SANT VICENÇ FERRER, 175A'),(52204,'NULL','0',0,'CE JOAQUIM SOROLLA, FTE 6'),(52205,'NULL','0',0,'PC SON FORTESA, nan'),(62308,'NULL','0',0,'CE FONERS, 4'),(62312,'NULL','0',0,'CE JERONI POU, 22A'),(62313,'NULL','0',0,'CE BERNAT CALVET, 1'),(62316,'NULL','0',0,'CA 226, 22'),(62321,'NULL','0',0,'CA 226, nan'),(62322,'NULL','0',0,'AD GABRIEL ALOMAR I VILLALONGA, nan'),(62402,'NULL','0',0,'CE VALPARAISO, 4'),(62403,'NULL','0',0,'CA MARQUES DE LA VEGA BOECILLO, 24'),(62404,'NULL','0',0,'CE LIMA, 24'),(62405,'NULL','0',0,'CE CUBA, 8'),(62408,'NULL','0',0,'AD MEXIC, nan'),(62409,'NULL','0',0,'CE CIUTAT DE QUERETARO, 3'),(62410,'NULL','0',0,'CE PUERTO RICO, nan'),(62412,'NULL','0',0,'CE CIUTAT DE QUERETARO, 6'),(62413,'NULL','0',0,'CE PUERTO RICO, nan'),(62414,'NULL','0',0,'CE CABRERA, nan'),(62415,'NULL','0',0,'AD MEXIC, nan'),(62416,'NULL','0',0,'AD MEXIC, nan'),(62504,'NULL','0',0,'CE TOUS, nan'),(62505,'NULL','0',0,'CE SOCRATES, FTE 9'),(62507,'NULL','0',0,'CE CABRERA, 20'),(62509,'NULL','0',0,'CE ANTONI NOGUERA, 8'),(62510,'NULL','0',0,'CA BRIGADA SOLANAS, 8'),(62511,'NULL','0',0,'CE SON MORRO-G (NO OFICIAL), nan'),(62512,'NULL','0',0,'CE SON MORRO-D (NO OFICIAL), nan'),(62513,'NULL','0',0,'CE SON MORRO-H (NO OFICIAL), nan'),(62514,'NULL','0',0,'CE ENL. VI.CINTURA-VIEJO LLUCMAJOR (N. OF.), nan'),(62515,'NULL','0',0,'CI VELL DE LLUCMAJOR, nan'),(62516,'NULL','0',0,'CE MANACOR, nan'),(62604,'NULL','0',0,'CE REIS CATOLICS, 83'),(62605,'NULL','0',0,'CE LLUIS MARTI, 115'),(62606,'NULL','0',0,'CE INDALECIO PRIETO, 3'),(62607,'NULL','0',0,'CE LLUIS MARTI, 29A'),(62608,'NULL','0',0,'CE ESTADI BALEAR-I (NO OFICIAL), nan'),(62609,'NULL','0',0,'CE ESTADI BALEAR-F (NO OFICIAL), nan'),(62610,'NULL','0',0,'CE ESTADI BALEAR-B (NO OFICIAL), nan'),(63414,'NULL','0',0,'CE FONERS, nan'),(72702,'NULL','0',0,'CI GENOVA A SANT AGUSTI, nan'),(72704,'NULL','0',0,'CE NORUEGA, 16'),(72705,'NULL','0',0,'CI SON TOELLS, nan'),(72710,'NULL','0',0,'CE INFANTERIA DE MARINA, FTE 3'),(72711,'NULL','0',0,'AD JOAN MIRO, 282'),(72716,'NULL','0',0,'CE ISLANDIA, 10'),(72720,'NULL','0',0,'CI CAN ESTADE, 13'),(72724,'NULL','0',0,'CI SON TOELLS, nan'),(72725,'NULL','0',0,'AD JOAN MIRO, 344'),(72728,'NULL','0',0,'AD JOAN MIRO, 243'),(72731,'NULL','0',0,'AD JOAN MIRO, 325'),(72733,'NULL','0',0,'CE CALVIA, nan'),(72771,'NULL','0',0,'CE GAVINA, 5'),(72805,'NULL','0',0,'AD GABRIEL ROCA, nan'),(82901,'NULL','0',0,'CA VIRGEN DE LA BONANOVA, 20'),(82902,'NULL','0',0,'CI REIS, FTE 2'),(82903,'NULL','0',0,'CI NA BURGUESA, 2'),(82904,'NULL','0',0,'CA SOLDADO COLL SITJAR, nan'),(82905,'NULL','0',0,'CE BATISTA, 19'),(82907,'NULL','0',0,'PJ 370, nan'),(82909,'NULL','0',0,'CI ANTIC DE NA BURGUESA (NO OFICIAL), nan'),(82910,'NULL','0',0,'CA 213, 11'),(82914,'NULL','0',0,'CI REIS, nan'),(83002,'NULL','0',0,'CI SON RAPINYA, nan'),(83003,'NULL','0',0,'CE MORENO CARBONERO, nan'),(83004,'NULL','0',0,'CE LLAC ENOL, 3'),(83006,'NULL','0',0,'CE ANDALUSIA, nan'),(83007,'NULL','0',0,'CE SON LLULL, FTE 8'),(83008,'NULL','0',0,'CE GALICIA, 2'),(83010,'NULL','0',0,'CE LLAC DELS QUATRE CANTONS, 26'),(83011,'NULL','0',0,'PC SON QUINT, nan'),(83012,'NULL','0',0,'CE CASTELLA-LA MANXA, 5'),(83013,'NULL','0',0,'CE CASTELLA-LLEO, nan'),(83014,'NULL','0',0,'CE RECTOR BARTOMEU MARTORELL, nan'),(83015,'NULL','0',0,'CE CEGA, 9'),(83016,'NULL','0',0,'CI SON RAPINYA, nan'),(83017,'NULL','0',0,'CE MERIDA, nan'),(83019,'NULL','0',0,'CE SON MUNTANER-A (NO OFICIAL), nan'),(83020,'NULL','0',0,'CE SON MUNTANER-C (NO OFICIAL), nan'),(83021,'NULL','0',0,'CE SON MUNTANER-A (NO OFICIAL), nan'),(83071,'NULL','0',0,'CA HERMANOS LEAL, nan'),(83073,'NULL','0',0,'CE BARTOMEU SUREDA I MISEROL, 1'),(83101,'NULL','0',0,'CE POLL, 5'),(83102,'NULL','0',0,'CE TOLEDO, 12'),(83103,'NULL','0',0,'CE DEGA TOUS, 10'),(83105,'NULL','0',0,'CA DOCTOR BARBERI, 8'),(83107,'NULL','0',0,'CA ENCINA, 3A'),(83109,'NULL','0',0,'CE GELABERT, Fte 9'),(83111,'NULL','0',0,'CA PRESBITERO SEGUI, ESQ'),(83112,'NULL','0',0,'CE PARDO BAZAN, 28'),(83115,'NULL','0',0,'CI VILETA (LA), nan'),(83117,'NULL','0',0,'CE CAMAMIL.LA, nan'),(83118,'NULL','0',0,'CE SON PUIG, nan'),(83119,'NULL','0',0,'CE SAFRA, 2'),(83120,'NULL','0',0,'CO SARAGOSSA, nan'),(83121,'NULL','0',0,'CI SON MOIX, 12'),(83172,'NULL','0',0,'CE ANTONI VILLALONGA, FTE33'),(83173,'NULL','0',0,'CI VILETA (LA), 78'),(83175,'NULL','0',0,'CE ALEXANDRE DE LABORDE, 11'),(83177,'NULL','0',0,'CE CAN VALERO, 27'),(83201,'NULL','0',0,'CA REVERENDO GABRIEL BESTARD, FTE 3'),(83202,'NULL','0',0,'CE CAP ENDERROCAT, 7A'),(83206,'NULL','0',0,'CE ALOSA, 3'),(83208,'NULL','0',0,'CE SON ROQUETA, nan'),(83209,'NULL','0',0,'CE CAP ENDERROCAT, nan'),(83210,'NULL','0',0,'CE CAN SBERT, 33'),(83271,'NULL','0',0,'CE VERDEROL, 30'),(83272,'NULL','0',0,'CE SON MUNTANER-B (NO OFICIAL), 27'),(83275,'NULL','0',0,'CE VENECIA, 13'),(83276,'NULL','0',0,'CE MUSSOL, 10'),(83301,'NULL','0',0,'DS 3201- SON ANGLADA, 2'),(83302,'NULL','0',0,'CE TETUAN, ESQ'),(83371,'NULL','0',0,'CE MENUT, 18'),(83372,'NULL','0',0,'CE BOSCANA, 8A'),(83373,'NULL','0',0,'CE ALBERCUIX, 32'),(83375,'NULL','0',0,'CE MOSSA, 20'),(83376,'NULL','0',0,'CE ALMADRA, 1'),(83377,'NULL','0',0,'CE ALBENYA, 17'),(83378,'NULL','0',0,'CE MORTITX, nan'),(83380,'NULL','0',0,'CE TURIXANT, 30'),(83381,'NULL','0',0,'CE AUMALLUTX, 6'),(83382,'NULL','0',0,'CE MORTITX, 15'),(83383,'NULL','0',0,'CE BINICAUBELL, nan'),(83384,'NULL','0',0,'CE BINIFALDO, nan'),(83385,'NULL','0',0,'CE BINICAUBELL, 34'),(93401,'NULL','0',0,'CA CABO CANAVES COSTA, nan'),(93403,'NULL','0',0,'CE COTLLIURE, 28A'),(93408,'NULL','0',0,'CE PERE CAFFARO, nan'),(93411,'NULL','0',0,'CA ALFEREZ LLOBERA ESTRADES, 21'),(93414,'NULL','0',0,'CE EDUARDO DATO, 1'),(93415,'NULL','0',0,'CE GERMANS GARCIA PEÑARANDA, nan'),(93416,'NULL','0',0,'CE JAUME VIDAL ALCOVER, FTE 2'),(93420,'NULL','0',0,'CA JESUS, nan'),(93421,'NULL','0',0,'CE JOAN DAMETO, 35'),(93422,'NULL','0',0,'CA JESUS, nan'),(93423,'NULL','0',0,'CA JESUS, BAR'),(93504,'NULL','0',0,'CE SOR CLARA ANDREU, 13'),(93505,'NULL','0',0,'CE AGNES DE PACS, 22'),(93506,'NULL','0',0,'PG JARDI DE CAN CAPISCOL, 1A'),(93507,'NULL','0',0,'CR VALLDEMOSSA, 43'),(93508,'NULL','0',0,'CE JOSEP D\'OLEZA, 7'),(103605,'NULL','0',0,'CE JOSEP BALAGUER,MUSIC, 89'),(103608,'NULL','0',0,'CA ALFEREZ RIBAS SANTANDREU, 11'),(103610,'NULL','0',0,'CA TENIENTE OYAGA, 14'),(103613,'NULL','0',0,'CE JORDI ANDREU ALCOVER, nan'),(103703,'NULL','0',0,'PJ MUSICO FRANCISCO ASENJO BARBIERI ENLACE, nan'),(103704,'NULL','0',0,'CE JULIAN GAYARRE, nan'),(103708,'NULL','0',0,'CE MIQUEL VILLALONGA, 15'),(103709,'NULL','0',0,'CE JULIAN GAYARRE, nan'),(103710,'NULL','0',0,'PJ MUSICO FRANCISCO ASENJO BARBIERI ENLACE, nan'),(103801,'NULL','0',0,'CA FALANGISTA MULET POU, 8'),(103802,'NULL','0',0,'CA ALFEREZ RIBAS SANTANDREU, 37'),(103803,'NULL','0',0,'PJ SON GELABERT (NO OFICIAL), 1'),(103804,'NULL','0',0,'CE CARLES RIBA, nan'),(103805,'NULL','0',0,'CE PABLO IGLESIAS, 140'),(103809,'NULL','0',0,'CA GUMERSINDO, nan'),(103810,'NULL','0',0,'CA COMANDANTE ALORDA BUJOSA, nan'),(113902,'NULL','0',0,'PC JOSEP MARIA LLOMPART, nan'),(113906,'NULL','0',0,'PC CAN LLIMONA, 17'),(113907,'NULL','0',0,'CE JACINTO BENAVENTE, 37'),(113909,'NULL','0',0,'CE HEURA, 8'),(113912,'NULL','0',0,'CI SALARD, 2A'),(114003,'NULL','0',0,'PC FELIX RODRIGUEZ DE LA FUENTE, nan'),(114101,'NULL','0',0,'CI SON CLADERA, 14'),(114102,'NULL','0',0,'CE VICTORIA PEÑA, 1'),(114107,'NULL','0',0,'CI NOU, 1'),(114108,'NULL','0',0,'CI NOU, 7'),(114110,'NULL','0',0,'CA SON RULLAN C (NO OFICIAL), 80A'),(114113,'NULL','0',0,'CE CALA AGULLA, 4'),(114114,'NULL','0',0,'CE CALA MITJANA, 43'),(114117,'NULL','0',0,'PC CALES DE MALLORCA, nan'),(114119,'NULL','0',0,'CE GABRIEL ALZAMORA, nan'),(114120,'NULL','0',0,'PG CALA FIGUERA, 11'),(114121,'NULL','0',0,'CE CAN FORADI, 27'),(114202,'NULL','0',0,'CE LANZONE, 8'),(114204,'NULL','0',0,'CE BULNES, nan'),(114206,'NULL','0',0,'CE MOZART, 14'),(114210,'NULL','0',0,'CE BALTASAR VALENTI, 32A'),(114211,'NULL','0',0,'CE CREDIT BALEAR, 57'),(114213,'NULL','0',0,'CE BAIX RIERA, 16A'),(114215,'NULL','0',0,'CE GABRIEL FUSTER MAYANS \"GAFIM\", 1'),(114217,'NULL','0',0,'CE GIACOMO PUCCINI, FTE 3'),(114301,'NULL','0',0,'CE HEURA, 39B'),(114302,'NULL','0',0,'CE BALADRE, 26'),(114303,'NULL','0',0,'CE TARONGER, 30'),(114304,'NULL','0',0,'CE ALBER, nan'),(114307,'NULL','0',0,'CE MIMOSA, 1'),(124401,'NULL','0',0,'CE BERNAT VISCA, nan'),(124402,'NULL','0',0,'CE CALI, 4'),(124404,'NULL','0',0,'CE FRANCESC FEMENIAS, 16'),(124405,'NULL','0',0,'CE GUAYAQUIL, nan'),(124406,'NULL','0',0,'CA CAPITAN RAMONELL BOIX, 38'),(124407,'NULL','0',0,'CE SANT MARÇAL, 16'),(124408,'NULL','0',0,'CE CAL SAUL, nan'),(124412,'NULL','0',0,'CE ADOBERIA, 54'),(124413,'NULL','0',0,'CE LLORENÇ CAMPINS, 15B'),(124418,'NULL','0',131,'PE PORTITXOL, 48'),(124431,'NULL','0',0,'CE GOLF DE CADIS, FTE 6'),(124501,'NULL','0',0,'PE CALA GAMBA, nan'),(124502,'NULL','0',0,'CE NADAL BATLE, 9'),(124505,'NULL','0',0,'CE GAVELLA, 35'),(124506,'NULL','0',0,'CE ILLA DE SAMOS, nan'),(124507,'NULL','0',0,'CA PROLONGACION CALLE ARRECIFE (NO OFICIAL), 12'),(124510,'NULL','0',0,'CA CAPITAN RAMONELL BOIX, nan'),(124512,'NULL','0',0,'CE JACOB SUREDA, 2'),(124515,'NULL','0',0,'CE SON MANUEL-D (NO OFICIAL), 17'),(124516,'NULL','0',0,'CE SIPIA, 26'),(124517,'NULL','0',0,'CE CALAMAR, 42'),(124518,'NULL','0',0,'CE CRISTINA VALLS, 9'),(124520,'NULL','0',0,'CE GUASP, nan'),(124522,'NULL','0',0,'CE PARE GUILLEM CASELLES, FTE 4'),(124524,'NULL','0',0,'CE ILLA DE RODES, nan'),(124527,'NULL','0',0,'CE SIURELL, 4'),(124528,'NULL','0',0,'CI CAN PASTILLA, nan'),(133487,'NULL','0',0,'CI ULLASTRE, nan'),(134601,'NULL','0',0,'CE CA DON MARC, nan'),(134603,'NULL','0',0,'CI CAN HORRAC, ESQ'),(134604,'NULL','0',0,'CA CORONEL BEORLEGUI, nan'),(134609,'NULL','0',0,'DS 4116- SECAR DE LA REAL (CA NA VERDA-1), 7A'),(134610,'NULL','0',0,'CE JOSEP IGNASI VALENTI, 6A'),(134617,'NULL','0',0,'CI CAN HORRAC, 24'),(134618,'NULL','0',0,'CE VICARI, 2'),(134619,'NULL','0',0,'CE REINA SANÇA DE NAPOLS, 11'),(134620,'NULL','0',0,'CI REAL, 15'),(134622,'NULL','0',0,'CE SON SERRA PARERA, 11'),(134701,'NULL','0',0,'CA CAYETANA ALBERTA JIMENEZ, nan'),(134702,'NULL','0',0,'DS 4208- ESTABLIMENTS, 5'),(134704,'NULL','0',0,'CE ESTEPA, 7'),(134705,'NULL','0',0,'DS 4207- ESTABLIMENTS, 10-20'),(134707,'NULL','0',0,'CI SARRIA, nan'),(134708,'NULL','0',0,'DS 4226- ESTABLIMENTS, 34A'),(134710,'NULL','0',0,'CI FORN DEL VIDRE, 10'),(134712,'NULL','0',0,'CI DELME, 3'),(134713,'NULL','0',0,'DS 4216- ESTABLIMENTS, 15'),(134716,'NULL','0',0,'CI SARRIA, nan'),(134717,'NULL','0',0,'CI VELA, 126'),(134719,'NULL','0',0,'CI CAN FLORIT, nan'),(134801,'NULL','0',0,'DS 4305- SON ESPANYOL, 21'),(134803,'NULL','0',0,'CE MIQUEL BOVER, 13'),(134804,'NULL','0',0,'CI PASSATEMPS, nan'),(134807,'NULL','0',0,'CE ROSA CANALS, nan'),(134809,'NULL','0',0,'CI DESTRE, 10'),(134811,'NULL','0',0,'PC MONSENYOR MAIRATA, nan'),(134813,'NULL','0',0,'CE SON BESSO, 15'),(134814,'NULL','0',0,'CI CASES NOVES, FTE1'),(134816,'NULL','0',0,'CE SOR SUSANNA MORRO, nan'),(134817,'NULL','0',0,'DS 4409- SON SARDINA (SA TORRE E-11), FINAL '),(134818,'NULL','0',0,'CI MOLI D\'EN TERRA, 121'),(134819,'NULL','0',0,'DS 4403- SON SARDINA, nan'),(134871,'NULL','0',0,'CI REAL, 1'),(134903,'NULL','0',0,'CE PARE FRANCESC BONAFE, 25'),(134922,'NULL','0',0,'CE SANT PAU, 2'),(134930,'NULL','0',0,'DS 5314- SA INDIOTERIA (RURAL) SANTIAGO E22, nan'),(134931,'NULL','0',0,'DS 5316- SA INDIOTERIA(RURAL)SON APAU E20 3, nan'),(134936,'NULL','0',0,'CI CERDANA (NA), 60'),(134944,'NULL','0',0,'CI VELL DE BUNYOLA, nan'),(134945,'NULL','0',0,'CE XICARANDANA, 2'),(134947,'NULL','0',0,'CE GREMI DE CIRURGIANS I BARBERS, nan'),(134948,'NULL','0',0,'CI VELL DE BUNYOLA, nan'),(134949,'NULL','0',0,'CE GREMI DE PASSAMANERS, nan'),(134950,'NULL','0',0,'DS 5318- SA INDIOTERIA (RURAL), nan'),(134951,'NULL','0',0,'DS 5318- SA INDIOTERIA (RURAL), nan'),(134953,'NULL','0',0,'CI VELL DE BUNYOLA, nan'),(137418,'NULL','0',0,'CI CAN PAU CELLA, 30'),(145001,'NULL','0',0,'CI MUNTANYA, nan'),(145003,'NULL','0',0,'CI MUNTANYA, nan'),(145004,'NULL','0',0,'CA SOLDADO JAIME TOMAS CARDELL, 2'),(145005,'NULL','0',0,'CA 457, nan'),(145006,'NULL','0',0,'DS 8508- S\'ARANJASSA, 5'),(145007,'NULL','0',0,'CE PARCEL.LES, nan'),(145008,'NULL','0',0,'CE ES PIL.LARI-2 (NO OFICIAL), nan'),(145009,'NULL','0',0,'CE ES PIL.LARI-7 (NO OFICIAL), nan'),(145101,'NULL','0',0,'CE RUPIT, 25'),(145102,'NULL','0',0,'CE ESPERANTO, 65'),(145103,'NULL','0',0,'CE SANT JOAN DE LA CREU, nan'),(145104,'NULL','0',0,'CE PLATO, 57'),(145105,'NULL','0',0,'CE GUADIANA, 24'),(145107,'NULL','0',0,'CE MARGALIDA MONLAU, 42'),(145109,'NULL','0',0,'CE MARGALIDA MONLAU, 58'),(145110,'NULL','0',0,'CE ORDI, 43'),(145113,'NULL','0',0,'CE ANDORRA, 40'),(145114,'NULL','0',0,'CE PUIG DE LA COVA NEGRA, 13'),(145115,'NULL','0',0,'CE PUIG DE LA MOLA, 28'),(145118,'NULL','0',0,'CE ROCINANTE, 23'),(145120,'NULL','0',0,'CE ANDREU BIBILONI, 2'),(145122,'NULL','0',0,'CE MANACOR, nan'),(145123,'NULL','0',0,'CE BLATERA, nan'),(145124,'NULL','0',0,'CE PUIG DE LA MOLA, 58'),(145204,'NULL','0',0,'CE ARANJASSA (S\'), nan'),(145301,'NULL','0',0,'CE SANT JORDI, nan'),(145302,'NULL','0',0,'CI SANT JORDI, 101'),(145303,'NULL','0',0,'CE CAN CONET, 29'),(145304,'NULL','0',0,'DS 8610- SANT JORDI, nan'),(145305,'NULL','0',0,'PC BISBE PLANAS, 9'),(145306,'NULL','0',0,'CE MANESCAL, 53'),(145307,'NULL','0',0,'CE CA\'S QUITXERO, 22'),(145310,'NULL','0',0,'CE SON GUAL II-A (NO OFICIAL), nan'),(145311,'NULL','0',0,'CE SON GUAL II-A (NO OFICIAL), nan'),(145312,'NULL','0',0,'CE SON GUAL II-A (NO OFICIAL), nan'),(154520,'NULL','0',0,'CI CAN PASTILLA, nan'),(155501,'NULL','0',0,'GV CAN PASTILLA, 4'),(155503,'NULL','0',0,'CE BELLAMAR, 9'),(155504,'NULL','0',0,'CE ANTONI POMAR, 3'),(155505,'NULL','0',0,'CE ANTONI LLABRES I MOREY, 17'),(155509,'NULL','0',0,'CE MANUELA DE LOS HERREROS I SORA, nan'),(155512,'NULL','0',0,'CE POLLACRA, 3'),(155515,'NULL','0',0,'AD BARTOMEU RIUTORT, nan'),(155516,'NULL','0',0,'PC PIUS IX, nan'),(155519,'NULL','0',0,'CE PINS, 22'),(155520,'NULL','0',0,'CE MANUELA DE LOS HERREROS I SORA, 14'),(155521,'NULL','0',0,'CE OBLADA, 14'),(155522,'NULL','0',0,'CE OBLADA, 23'),(155525,'NULL','0',0,'CE CONGRE, 25'),(155527,'NULL','0',0,'CR ARENAL, nan'),(155601,'NULL','0',0,'CE SANT RAMON NONAT, nan'),(155603,'NULL','0',0,'CE MAR JONICA, 1'),(155605,'NULL','0',0,'CE MARBELLA, 36'),(155607,'NULL','0',0,'CE MASCARELL, FTE1'),(155609,'NULL','0',0,'CE ACAPULCO, nan'),(155610,'NULL','0',0,'CE MAR TIRRENA, 4'),(155619,'NULL','0',0,'CA SAMIL, nan'),(155620,'NULL','0',0,'CR ARENAL, nan'),(155621,'NULL','0',0,'CR ARENAL, nan'),(155622,'NULL','0',0,'CR ARENAL, nan'),(155623,'NULL','0',0,'CR ARENAL, nan'),(155624,'NULL','0',0,'CR ARENAL, nan'),(155625,'NULL','0',0,'CR ARENAL, nan'),(155634,'NULL','0',0,'CR ARENAL, nan'),(155636,'NULL','0',0,'CE CABUSSO, nan'),(155637,'NULL','0',0,'CE XORIGUER, nan'),(155639,'NULL','0',0,'CE SARGAS, nan'),(155705,'NULL','0',0,'CE LLAUT, 34-36'),(155707,'NULL','0',0,'AV NACIONAL, nan'),(155708,'NULL','0',0,'AV NACIONAL, nan'),(155709,'NULL','0',0,'AV NACIONAL, nan'),(155710,'NULL','0',0,'CR ARENAL, nan'),(155711,'NULL','0',0,'CR ARENAL, nan'),(155712,'NULL','0',0,'CR ARENAL, nan'),(155717,'NULL','0',0,'CE RAMAL CA NA GABRIELA, nan'),(155718,'NULL','0',0,'CE TOQUIO, PLAZA'),(155724,'NULL','0',0,'PC NINS, nan'),(155727,'NULL','0',0,'CE CANYES, 34'),(155728,'NULL','0',0,'CE LLAUT, nan'),(155729,'NULL','0',0,'CE JOAN HOMS, FTE9'),(155771,'NULL','0',0,'CI PEDRERES, 168'),(155773,'NULL','0',0,'CA BELLAVISTA-H (NO OFICIAL), 41'),(155775,'NULL','0',0,'CI PEDRERES, nan'),(155776,'NULL','0',0,'CA BELLAVISTA-D (NO OFICIAL), nan'),(155777,'NULL','0',0,'CA BELLAVISTA-H (NO OFICIAL), nan'),(155778,'NULL','0',0,'CA PROLONGACION CALLE BERLIN (NO OFICIAL), 43'),(158001,'NULL','0',0,'CE SON OMS-4 (NO OFICIAL), nan'),(158002,'NULL','0',0,'CE SON OMS-4 (NO OFICIAL), nan'),(158003,'NULL','0',0,'CE SON OMS-4 (NO OFICIAL), nan'),(158004,'NULL','0',0,'CE SON OMS-2 (NO OFICIAL), nan'),(41531,'AVDA. COMTE DE SALLENT ESQ. ANTONI MARQUÈS','1',44,'AD COMTE DE SALLENT, nan'),(62401,'AVDA. DE MÈXIC FRENTE Nº 1A','1',8,'AD MEXIC, 1'),(10408,'AVDA. GABRIEL ALOMAR FRENTE Nº 22','1',41,'AD GABRIEL ALOMAR I VILLALONGA, 22'),(10203,'AVDA. JAUME III FRENTE Nº 22','1',111,'AD JAUME III, 22'),(72803,'AVDA. JOAN MIRÓ FRENTE Nº 190','1',147,'AD JOAN MIRO, 190'),(10618,'AVDA. PORTUGAL ESQ. VÍA ROMA','1',78,'AD PORTUGAL, nan'),(31209,'AVDA. SAN FERRAN FRENTE Nº 36','1',63,'AD SANT FERRAN, 34'),(20806,'BARTOMEU ROSSELLÓ PORCEL FRENTE Nº 14','1',124,'CE BARTOMEU ROSSELLO-PORCEL, 14'),(20907,'CAMÍ DE GÈNOVA FRENTE Nº 35','1',197,'CI GENOVA, 31'),(83075,'CAMÍ DE SON RAPINYA FRENTE Nº 34','1',104,'CI SON RAPINYA, 34'),(103806,'CAMÍ SON HUGO Nº 20','1',121,'CM SON HUGO (NO OFICIAL), 4'),(134942,'CAMÍ VELL DE BUNYOLA FRENTE Nº 9A','1',69,'CI VELL DE BUNYOLA, 12'),(999999971,'CARRER ALFONS EL MAGNÀNIM FRENTE Nº 20','1',48,'CE ALFONS EL SAVI, nan'),(93402,'CARRER ALFONS EL SAVI FRENTE Nº 3','1',95,'CE ALFONS EL SAVI, nan'),(83180,'CARRER ALIMENTACIÓ Nº 3','1',83180,'CE SON VALENTI-E (NO OFICIAL), nan'),(134602,'CARRER ALQUERÍA BLANCA FRENTE Nº 26','1',183,'CE ALQUERIA BLANCA, FTE71'),(155713,'CARRER ANTAS DE ULLA FRENTE Nº 10','1',163,'CA ANTAS DE ULLA, 10'),(114207,'CARRER ARAGÓ FRENTE Nº 267','1',20,'CE ARAGO, 270'),(114218,'CARRER ARAGÓ FRENTE Nº 324','1',21,'CE ARAGO, 320'),(51710,'CARRER ARAGÓ FRENTE Nº 6','1',33,'CE ARAGO, 4'),(103606,'CARRER ARQUITECTE GASPAR BENNÀSSAR FRENTE Nº 36','1',52,'AD GASPAR BENNAZAR,ARQUITECTE, 48'),(103615,'CARRER ARXIDUC LLUIS SALVADOR FRENTE Nº 106','1',53,'CE ARXIDUC LLUIS SALVADOR, nan'),(41606,'CARRER ARXIDUC LLUIS SALVADOR FRENTE Nº 27','1',50,'CE ARXIDUC LLUIS SALVADOR, 27'),(31218,'CARRER BALANGUERA FRENTE Nº 27','1',86,'CE BALANGUERA, 27'),(114201,'CARRER BALTASAR VALENTÍ FRENTE Nº 37','1',114201,'CE BALTASAR VALENTI, 37'),(41513,'CARRER BARTOLOMÉ POU FRENTE Nº 39','1',204,'CE PARE BARTOMEU POU, nan'),(124511,'CARRER BARTOMEU CASTELL FRENTE Nº 7','1',138,'CE BARTOMEU CASTELL, 4'),(155721,'CARRER BARTOMEU SALVÀ FRENTE Nº 20','1',155,'CE PARE BARTOMEU SALVA, 20'),(114118,'CARRER BATLE GABRIEL ALZAMORA FRENTE Nº 28','1',23,'CE GABRIEL ALZAMORA, 26'),(62301,'CARRER BENITO PÉREZ GALDÓS FRENTE Nº 1','1',42,'CE PEREZ GALDOS, 4'),(93515,'CARRER BISBE BERNAT ESQ. SANTA CATALINA LABOURE','1',93515,'CE BISBE BERNAT NADAL, 11'),(72712,'CARRER CABO MATEU COCH FRENTE Nº 30','1',174,'CA CABO MATEU COCH, 28'),(72734,'CARRER CAN DOMENGE FRENTE Nº 3','1',148,'CI CAN DOMENGE, 2'),(20715,'CARRER CARO FRENTE Nº 21','1',108,'CE CARO, 21'),(20802,'CARRER COMPANY FRENTE Nº 10','1',122,'CE COMPANY, 10'),(72804,'CARRER CORB MARÍ FRENTE Nº 21','1',154,'CI CORB MARI, 21'),(31411,'CARRER DE GALICIA Nº 12','1',73,'CE GALICIA, 12'),(93404,'CARRER DE L\'URUGUAI Nº 2','1',72,'CE URUGUAI, BK'),(83018,'CARRER DE MURCIA Nº 38','1',55,'CE MURCIA, 33'),(155506,'CARRER DÉNTOL FRENTE Nº 10','1',169,'CE DENTOL, 10A'),(41518,'CARRER EMPERADRIU EUGÈNIA Nº 3','1',47,'CE EMPERADRIU EUGENIA, 2'),(10403,'CARRER ESCOLA GRADUADA FRENTE Nº 6','1',40,'CE ESCOLA GRADUADA, 6'),(52005,'CARRER ESUSEBI ESTADA FRENTE Nº 58','1',57,'CE EUSEBI ESTADA, 58'),(51715,'CARRER ESUSEBI ESTADA FRENTE Nº 76','1',58,'CE EUSEBI ESTADA, nan'),(51708,'CARRER EUSEBI ESTADA FRENTE Nº 25','1',51708,'CE EUSEBI ESTADA, 25'),(20712,'CARRER FÀBRICA FRENTE Nº 26','1',200,'CE FABRICA, 26'),(51905,'CARRER FAUST MORELL FRENTE Nº 1','2',12,'CE FAUST MORELL, 2'),(20909,'CARRER FEDÉRICO LORCA FRENTE Nº 20','2',120,'CE FEDERICO GARCIA LORCA, 19'),(51804,'CARRER FRANCESC BARCELÓ I COMBIS FRENTE Nº 18','1',34,'CE FRANCESC BARCELO I COMBIS, 18'),(31302,'CARRER FRANCESC MARTÍ I MORA Nº 48','1',212,'CE FRANCESC MARTI I MORA, 39'),(41605,'CARRER FRANCESC SANCHO FRENTE Nº 15','1',54,'CE FRANCESC SANCHO, 20'),(20914,'CARRER FRAY JUNIPER SERRÀ FRENTE Nº 18','1',114,'CE FRA JUNIPER SERRA, 19'),(51907,'CARRER GABRIEL LLABRÉS FRENTE Nº 25','1',9,'CE GABRIEL LLABRES, 25'),(31410,'CARRER GENERAL FÈLIX MAS FRENTE Nº 20','1',125,'CE GENERAL FELIX MAS, nan'),(124420,'CARRER GOLF DE BISCAIA FRENTE Nº 5','1',124420,'CE GOLF DE BISCAIA, 2'),(124432,'CARRER GOLF D\'ALACANT Nº 4','1',124432,'CE GOLF D\'ALACANT, 1'),(134902,'CARRER GREMI DE TINTORERS Nº 2','1',76,'CE GREMI DE TINTORERS, 7'),(134946,'CARRER GREMI PASSAMANERS ESQ. GREMI CIRURGIANS I BARBERS','1',185,'CE GREMI DE PASSAMANERS, nan'),(134924,'CARRER GREMI SABATERS FRENTE Nº 31 (MOBILITAT)','1',71,'CE GREMI DE SABATERS, 49'),(93406,'CARRER GUILLEM FORTEZA FRENTE Nº 1','1',93,'CE GUILLEM FORTEZA, nan'),(999999972,'CARRER GUILLEM FORTEZA FRENTE Nº 27C','1',94,'CE GUILLEM FORTEZA, nan'),(83184,'CARRER INFANT FERRAN Nº 4','1',59,'CE INFANT FERRAN, 4'),(103702,'CARRER ISAAC ALBÉNIZ FRENTE Nº 25','1',208,'CE ISAAC ALBENIZ, FTE 5'),(52007,'CARRER JACINT VERDAGUER FRENTE Nº 29','1',56,'CE JACINT VERDAGUER, 31'),(93409,'CARRER JESÚS FRENTE Nº 40A','1',93409,'CA JESUS, nan'),(41525,'CARRER JESÚS FRENTE Nº 9','1',101,'CA JESUS, 10'),(62318,'CARRER JOAN ALCOVER FRENTE Nº 36','2',102,'CE JOAN ALCOVER, 43A'),(20810,'CARRER JOAN CRESPI ESQ. CARRER HEREDERO','1',123,'CA HEREDERO, 1'),(72709,'CARRER JOAN DE SARIDAKIS FRENTE Nº 17','1',150,'CE JOAN DE SARIDAKIS, 17'),(72701,'CARRER JOAN DE SARIDAKIS FRENTE Nº 44','1',35,'CE JOAN DE SARIDAKIS, 47'),(93412,'CARRER JOAN PALOU I COLL FRENTE Nº 1','1',60,'CE JOAN PALOU I COLL, 5'),(41526,'CARRER JOAQUIM TOGORES FRENTE Nº 2','1',49,'CE JOAQUIM TOGORES, nan'),(62319,'CARRER JOSEP ROVER MOTTA Nº 27','1',4,'CE JOSEP ROVER MOTTA, 28'),(10604,'CARRER JOSEP TOUS I FERRER FRENTE Nº 14','1',38,'CE JOSEP TOUS I FERRER, 7'),(93509,'CARRER LEOCADIA DE TOGORES FRENTE Nº 10','1',93509,'CE SOR CATALINA MAURA, nan'),(155702,'CARRER LLAÜT FRENTE Nº 45','1',161,'CE LLAUT, 44'),(145202,'CARRER LLUCMAJOR FRENTE Nº 36','1',132,'CR LLUCMAJOR, nan'),(41522,'CARRER LLUÍS VIVES FRENTE CARRER FRANCISCO ROVER','1',90,'CE LLUIS VIVES, FTE 3'),(62506,'CARRER MANACOR FRENTE Nº 64','1',7,'CE MANACOR, 72'),(62306,'CARRER MANUEL AZAÑA FRENTE Nº 34','1',6,'CE MANUEL AZAÑA, 33'),(155628,'CARRER MAR D\'ARAL FRENTE Nº 31','1',157,'CE MAR D\'ARAL, nan'),(155638,'CARRER MARBELLA ESQ. GRUA','1',195,'CE MARBELLA, nan'),(114305,'CARRER MARE DE DÉU DE MONSERRAT FRENTE Nº 67A','1',190,'CE MARE DE DEU DE MONTSERRAT, 67A'),(83104,'CARRER MARIA ANTÒNIA SALVÀ FRENTE Nº 7','1',182,'CA MARIA ANTONIA SALVA, 2'),(51716,'CARRER MARQUÈS DE FONTSANTA FRENTE Nº 10','1',37,'CE MARQUES DE LA FONTSANTA, nan'),(20912,'CARRER MARQUÈS DE LA SÈNIA FRENTE Nº 33','1',117,'CE MARQUES DE LA SENIA, 35'),(145108,'CARRER MARQUÈS DE TENERIFE FRENTE Nº 74','1',171,'CE MARQUES DE TENERIFE, 33'),(51901,'CARRER METGE JOSEP DARDER FRENTE Nº 31','1',32,'CE JOSEP DARDER,METGE, 33'),(51906,'CARRER METGE JOSEP DARDER FRENTE Nº 6','2',29,'CE JOSEP DARDER,METGE, 9'),(31211,'CARRER MIQUEL DELS SANTS OLIVER FRENTE Nº 6','1',85,'CE MIQUEL DELS SANTS OLIVER, 9'),(51706,'CARRER MIQUEL MARQUÈS Nº 22','1',1,'CE MIQUEL MARQUES, 22'),(114002,'CARRER MORENETA FRENTE Nº 9','1',22,'CE MORENETA, 13'),(114306,'CARRER MOSCARI FRENTE Nº 10','1',26,'CE MOSCARI, nan'),(31208,'CARRER PASQUAL RIBOT FRENTE Nº 31A','1',68,'CE PASQUAL RIBOT, 31A'),(31205,'CARRER PASQUAL RIBOT FRENTE Nº 8','1',83,'CE PASQUAL RIBOT, 8'),(10317,'CARRER PASSADÍS FRENTE Nº 4','1',119,'CE PASSADIS, 4'),(10616,'CARRER PERE DEZCALLAR I NET FRENTE Nº 5','1',207,'CE PERE DEZCALLAR I NET, nan'),(113903,'CARRER PERE RIPOLL I PALOU Nº 15','1',17,'CE PERE RIPOLL I PALOU, 15'),(31201,'CARRER RAFAEL RODRÍGUEZ MÉNDEZ FRENTE Nº 2','1',81,'CE RAFAEL RODRIGUEZ MENDEZ, 2'),(62603,'CARRER REIS CATÒLICS FRENTE Nº 129','1',14,'CE REIS CATOLICS, 129'),(62601,'CARRER REIS CATÒLICS FRENTE Nº 48','1',79,'CE REIS CATOLICS, 44'),(31406,'CARRER SALVADOR DALÍ FRENTE Nº 5','1',89,'CE SALVADOR DALI, 44'),(155633,'CARRER SANT RAMON NONAT FRENTE Nº 2','1',160,'CE SANT RAMON NONAT, 7'),(93503,'CARRER SANT VICENÇ DE PAÜL FRENTE Nº 37','1',93503,'CE GARDENIA, 37'),(93501,'CARRER SANT VICENÇ DE PAÜL FRENTE Nº 56','1',93501,'CE SANT VICENÇ DE PAUL, 56'),(10102,'CARRER SANTA CREU FRENTE Nº 20','1',113,'CO SANTA CREU, 20'),(134943,'CARRER SANTIAGO ÁLVAREZ AVELLÁN ESQ. EDUARDO URGORRI','1',134943,'CE SANTIAGO ALVAREZ AVELLAN, FTE2'),(134918,'CARRER SETZE DE JULIOL Nº 81','1',70,'CE SETZE DE JULIOL, 79'),(145002,'CARRER SON FANGOS FRENTE Nº 280','1',165,'CI SON FANGOS, 280'),(83171,'CARRER SOR ELIONOR ORTÍZ FRENTE Nº 1','1',180,'CE SOR ELIONOR ORTIZ, nan'),(114103,'CARRER TER FRENTE Nº 10','1',24,'CE TER, 10'),(52006,'CARRER TOMÀS LUIS DE VICTORIA Nº 8','1',80,'CE TOMAS LUIS DE VICTORIA, 8'),(62502,'CARRER TOMÁS RULLÁN FRENTE Nº 26','1',196,'CE TOMAS RUL.LAN, 21'),(155526,'CARRER TORRE REDONA FRENTE Nº 5','1',168,'CI TORRE REDONA, nan'),(155530,'CARRER TRAMUNTANA FRENTE Nº 7A','1',170,'CE TRAMUNTANA, nan'),(155716,'CARRER TROBADORS Nº 10','1',155716,'CE TROBADORS, 10'),(124504,'CARRER VICENTE TOFIÑO FRENTE Nº 17','1',137,'CE VICENTE TOFIÑO, nan'),(124409,'CARRER XADÓ FRENTE Nº 1','1',133,'CA XADO, 114'),(124509,'CARRER XESC FORTEZA FRENTE Nº 9','1',136,'CE XESC FORTEZA, 12'),(10109,'CONTAMUELLE FRENTE Nº 2','1',128,'CA CONTRAMUELLE MOLLET (NO OFICIAL), S/N'),(134952,'CTRA. DE SÓLLER FRENTE ALMÁCENES FEMENIES','1',186,'CR SOLLER, nan'),(134917,'GRAN VÍA ASIMA FRENTE Nº 34','1',65,'GV ASIMA, 25B'),(134914,'GRAN VÍA ASIMA FRENTE Nº 5','1',62,'GV ASIMA, 5'),(103808,'IGNASI FERRETJANS Nº 5','1',16,'CE IGNACIO FERRETJANS, 4'),(52108,'PASSATGE PIC AUÑAMENDI','1',31,'PG PIC AUÑAMENDI, nan'),(10302,'PASSEIG DES BORN FRENTE Nº 8','1',100,'PE BORN, 1'),(31202,'PASSEIG MALLORCA FRENTE Nº 11','1',103,'PE MALLORCA, 11'),(21015,'PASSEIG MARÍTIM FRENTE AUDITORIUM','1',142,'AD GABRIEL ROCA, 19'),(21016,'PASSEIG MARÍTIM FRENTE CAN BARBARÀ','1',145,'AD GABRIEL ROCA, nan'),(72802,'PASSEIG MARÍTIM FRENTE CASA DEL JAMÓN','1',146,'AD GABRIEL ROCA, 44'),(41516,'PLAÇA ABÜ YAHYÄ FRENTE Nº 1','1',46,'PC ABU YAHYA, 1'),(10301,'PLAÇA DE LA REINA FRENTE ESCALERA PALAU REIAL','1',64,'PC REINA, 18'),(999999970,'PLAÇA DE LA REINA FRENTE ESCALERA PALAU REIAL','1',130,'PC REINA, 18'),(31216,'PLAÇA DE MADRID FRENTE Nº 7','1',82,'PC MADRID, 9'),(134905,'PLAÇA DE MIQUEL RIERA I PERELLÓ ESQ. GABRIEL CORTÉS','1',134905,'PC MIQUEL RIERA I PERELLO, 10'),(10312,'PLAÇA DE SANT JERONI Nº 1','1',215,'PC SANT JERONI, 1A'),(10303,'PLAÇA DE SANTA EULÀLIA FRENTE Nº 2','1',202,'PC SANTA EULALIA, 2'),(10605,'PLAÇA DEL BISBE BERENGUER DE PALOU Nº 9','1',214,'PC BISBE BERENGUER DE PALOU, 9'),(20703,'PLAÇA DEL PROGRÉS FRENTE Nº 24','2',107,'PC PROGRES, 22A'),(20701,'PLAÇA DEL VAPOR FRENTE Nº 20','1',66,'PL VAPOR, 2'),(155723,'PLAÇA DELS NINS FRENTE Nº 6','1',164,'PC NINS, nan'),(10508,'PLAÇA D\'ESPANYA EN PALOMERO','1',36,'PC ESPANYA, nan'),(145201,'PLAÇA JOSEP GUASP ESQ. CARRER S\'ARANJASSA','1',166,'PC JOSEP GUASP, 19'),(10405,'PLAÇA LLORENÇ BISBAL Nº 5','1',216,'PC LLORENÇ BISBAL,BATLE, FTE 8'),(145401,'PLAÇA MOLINS DE VENT Nº 1','1',173,'PC MOLINS DE VENT, nan'),(41517,'PLAÇA PARÍS FRENTE Nº 7','1',92,'PC PARIS, nan'),(51902,'PLAÇA PERE GARAU FRENTE Nº 11','1',11,'PC PERE GARAU, nan'),(52120,'PLAÇA SANT FRANCESC XAVIER FRENTE Nº 1','1',10,'PC SANT FRANCESC XAVIER, nan'),(103807,'SAN FRANCISCO DE SALES (FRENTE HIPÓDROMO)','1',103807,'CA SAN FRANCISCO DE SALES, 136'),(41529,'TÚNEL COMTE DE SALLENT- GENERAL RIERA','1',19,'AD COMTE DE SALLENT, nan'),(0,NULL,NULL,NULL,NULL);
/*!40000 ALTER TABLE `cm` ENABLE KEYS */;
UNLOCK TABLES;

--
-- Table structure for table `columnas`
--

DROP TABLE IF EXISTS `columnas`;
/*!40101 SET @saved_cs_client     = @@character_set_client */;
/*!50503 SET character_set_client = utf8mb4 */;
CREATE TABLE `columnas` (
  `id` int(10) unsigned NOT NULL AUTO_INCREMENT,
  `idInstalacion` varchar(255) DEFAULT NULL,
  `idTipoActuacion` int(11) DEFAULT NULL,
  `idNumSerie` varchar(255) DEFAULT NULL,
  `idUsuario` varchar(250) NOT NULL,
  `observaciones` varchar(255) DEFAULT NULL,
  `fechaActuacion` date DEFAULT NULL,
  `precio` int(11) DEFAULT NULL,
  `activo` varchar(255) NOT NULL,
  `albaran` int(11) NOT NULL,
  `tipoColumna` varchar(45) DEFAULT NULL,
  PRIMARY KEY (`id`),
  KEY `idInstalacion` (`idInstalacion`),
  KEY `idTipoActuación` (`idTipoActuacion`),
  KEY `idNumSerie` (`idNumSerie`),
  KEY `idUsuario` (`idUsuario`)
) ENGINE=MyISAM AUTO_INCREMENT=5 DEFAULT CHARSET=utf8;
/*!40101 SET character_set_client = @saved_cs_client */;

--
-- Dumping data for table `columnas`
--

LOCK TABLES `columnas` WRITE;
/*!40000 ALTER TABLE `columnas` DISABLE KEYS */;
INSERT INTO `columnas` VALUES (2,'1',4,'2312','1','asdfasdf','2019-09-06',123,'false',123,'0,8 m.'),(4,'1',4,'2','1','222','2019-09-05',2,'true',22,'2 m.');
/*!40000 ALTER TABLE `columnas` ENABLE KEYS */;
UNLOCK TABLES;

--
-- Table structure for table `descontadores`
--

DROP TABLE IF EXISTS `descontadores`;
/*!40101 SET @saved_cs_client     = @@character_set_client */;
/*!50503 SET character_set_client = utf8mb4 */;
CREATE TABLE `descontadores` (
  `id` int(10) unsigned NOT NULL AUTO_INCREMENT,
  `idInstalacion` varchar(255) DEFAULT NULL,
  `idTipoActuacion` int(11) DEFAULT NULL,
  `idNumSerie` varchar(255) DEFAULT NULL,
  `idUsuario` varchar(250) NOT NULL,
  `observaciones` varchar(255) DEFAULT NULL,
  `fechaActuacion` date DEFAULT NULL,
  `precio` int(11) DEFAULT NULL,
  `activo` varchar(255) NOT NULL,
  `albaran` int(11) NOT NULL,
  PRIMARY KEY (`id`),
  KEY `idInstalacion` (`idInstalacion`),
  KEY `idTipoActuación` (`idTipoActuacion`),
  KEY `idNumSerie` (`idNumSerie`),
  KEY `idUsuario` (`idUsuario`)
) ENGINE=MyISAM AUTO_INCREMENT=2 DEFAULT CHARSET=utf8;
/*!40101 SET character_set_client = @saved_cs_client */;

--
-- Dumping data for table `descontadores`
--

LOCK TABLES `descontadores` WRITE;
/*!40000 ALTER TABLE `descontadores` DISABLE KEYS */;
INSERT INTO `descontadores` VALUES (1,'1',1,'33','1','','2019-09-14',0,'false',0);
/*!40000 ALTER TABLE `descontadores` ENABLE KEYS */;
UNLOCK TABLES;

--
-- Table structure for table `elementos`
--

DROP TABLE IF EXISTS `elementos`;
/*!40101 SET @saved_cs_client     = @@character_set_client */;
/*!50503 SET character_set_client = utf8mb4 */;
CREATE TABLE `elementos` (
  `id` int(11) NOT NULL AUTO_INCREMENT,
  `idInstalacion` varchar(255) NOT NULL,
  `reg` int(11) NOT NULL,
  `det` int(11) NOT NULL,
  `ctv` int(11) NOT NULL,
  `central` int(11) NOT NULL,
  `08m` int(11) NOT NULL,
  `24m` int(11) NOT NULL,
  `4m` int(11) NOT NULL,
  `bac` int(11) NOT NULL,
  `sim` int(11) NOT NULL,
  `dob` int(11) NOT NULL,
  `baj` int(11) NOT NULL,
  `observaciones` varchar(255) NOT NULL,
  `idUsuario` varchar(250) DEFAULT NULL,
  PRIMARY KEY (`id`)
) ENGINE=MyISAM AUTO_INCREMENT=51 DEFAULT CHARSET=utf8mb4;
/*!40101 SET character_set_client = @saved_cs_client */;

--
-- Dumping data for table `elementos`
--

LOCK TABLES `elementos` WRITE;
/*!40000 ALTER TABLE `elementos` DISABLE KEYS */;
INSERT INTO `elementos` VALUES (1,'100',1,1,1,1,1,1,1,1,1,1,1,'1',NULL),(2,' 426',1,1,0,0,1,1,0,1,5,0,2,'',NULL),(3,'426',1,1,0,0,1,1,0,1,5,0,2,'',NULL),(4,'425',1,0,0,0,0,5,0,2,8,1,2,'',NULL),(5,'424',1,0,0,0,0,2,1,1,12,0,1,'',NULL),(6,'934',0,1,0,0,1,2,0,0,2,0,0,'ARMARIO G-1',NULL),(7,'423',1,0,1,1,0,2,1,3,19,0,4,'',NULL),(8,'422',1,1,0,0,1,2,1,0,12,0,0,'',NULL),(9,'421',1,2,0,0,2,0,0,2,12,1,3,'',NULL),(10,'964',1,0,0,0,0,1,0,1,4,0,2,'',NULL),(11,'965',0,3,0,0,3,0,1,0,2,0,0,'1 ARMARIO G-1',NULL),(12,'420',1,0,1,1,0,8,0,6,12,0,7,'',NULL),(13,'419',1,0,0,0,0,11,0,4,23,0,7,'',NULL),(14,'436',1,0,0,0,0,0,1,1,11,0,1,'(*) BÁCULO DE A.P. PINTADO HASTA 4 M.',NULL),(15,'316',1,1,0,0,1,4,0,0,6,1,0,'',NULL),(16,'315',1,0,0,0,0,5,1,1,9,1,1,'',NULL),(17,'314',1,0,0,0,0,8,0,4,20,0,6,'',NULL),(18,'307',1,1,0,0,1,1,0,2,7,0,3,'',NULL),(19,'322',1,4,0,0,4,4,2,2,16,2,3,'2,4 m. (2) Y 4 m. (2) COLUMNAS SON NUEVAS ODT',NULL),(20,'323',1,3,0,0,3,3,0,0,2,2,0,'',NULL),(21,'300',1,1,1,1,1,11,0,5,29,2,5,'ARMARIO CTV (M1)',NULL),(22,'311',1,3,0,1,2,6,0,4,16,2,5,'',NULL),(23,'321',1,2,0,0,2,5,2,1,14,0,1,'(*) 1 BÁCULO DE A.P. PINTADO HASTA 4 M.',NULL),(24,'312',1,3,0,1,2,3,0,5,21,0,4,'ARMARIO CTV (NEW RITTAL)',NULL),(25,'908',1,0,0,0,0,0,0,2,8,0,2,'',NULL),(26,'233',1,0,1,1,0,3,0,1,9,0,2,'',NULL),(27,'237',1,1,0,0,1,3,2,1,19,0,2,'',NULL),(28,'238',1,0,1,0,0,3,0,3,23,0,3,'',NULL),(29,'239',1,0,0,0,0,2,0,2,10,0,2,'',NULL),(30,'240',1,0,0,0,0,1,0,1,5,0,2,'',NULL),(31,'241',1,0,1,0,0,6,0,0,8,0,0,'',NULL),(32,'242',1,1,0,0,1,7,0,0,5,1,0,'',NULL),(33,'901',1,0,0,0,0,0,0,2,8,0,2,'',NULL),(34,'234',1,0,0,0,0,3,1,2,7,0,2,'',NULL),(35,'236',1,0,0,0,0,3,0,1,3,0,2,'',NULL),(36,'946',1,0,0,0,0,0,0,3,12,1,4,'PENDIENTE ELEMENTOS NUEVOS REFORMA',NULL),(37,'943',1,0,0,0,0,4,0,2,4,0,3,'REFORMA: 1 UD. COL. 4 M. A 2 UDS. DE 2,4 M.',NULL),(38,'319',1,1,0,0,1,8,0,2,16,0,2,'',NULL),(39,'305',1,0,0,0,0,4,0,2,10,2,2,'',NULL),(40,'304',1,0,0,0,0,8,0,2,17,2,2,'',NULL),(41,'303',1,1,0,0,1,3,0,3,21,1,3,'',NULL),(42,'302',1,2,1,0,2,6,0,4,23,1,4,'ARMARIO CTV (M1)',NULL),(43,'301',1,0,0,0,0,11,0,5,28,1,5,'',NULL),(44,'320',1,0,1,0,0,1,0,3,9,3,6,'ARMARIO CTV (M1)',NULL),(45,'318',1,0,0,0,0,6,0,2,10,0,2,'',NULL),(46,'212',1,3,0,0,3,5,0,4,17,1,4,'',NULL),(47,'228',1,0,1,0,0,5,0,3,14,3,3,'ARMARIO CTV (FIBRA DE VIDRIO)',NULL),(48,'313',1,2,0,0,1,3,1,3,18,1,4,'',NULL),(49,'317',1,0,0,0,0,1,0,2,15,2,3,'ARMARIO DETECCIÓN A RETIRAR POR ODT',NULL),(50,'912',1,0,0,0,0,0,0,2,8,0,2,'',NULL);
/*!40000 ALTER TABLE `elementos` ENABLE KEYS */;
UNLOCK TABLES;

--
-- Table structure for table `espiras`
--

DROP TABLE IF EXISTS `espiras`;
/*!40101 SET @saved_cs_client     = @@character_set_client */;
/*!50503 SET character_set_client = utf8mb4 */;
CREATE TABLE `espiras` (
  `id` int(10) unsigned NOT NULL AUTO_INCREMENT,
  `idInstalacion` varchar(255) DEFAULT NULL,
  `idTipoActuacion` int(11) DEFAULT NULL,
  `idNumSerie` varchar(255) DEFAULT NULL,
  `idUsuario` varchar(250) NOT NULL,
  `observaciones` varchar(255) DEFAULT NULL,
  `fechaActuacion` date DEFAULT NULL,
  `precio` int(11) DEFAULT NULL,
  `activo` varchar(255) NOT NULL,
  `albaran` int(11) NOT NULL,
  PRIMARY KEY (`id`),
  KEY `idInstalacion` (`idInstalacion`),
  KEY `idTipoActuación` (`idTipoActuacion`),
  KEY `idNumSerie` (`idNumSerie`),
  KEY `idUsuario` (`idUsuario`)
) ENGINE=MyISAM AUTO_INCREMENT=2 DEFAULT CHARSET=utf8;
/*!40101 SET character_set_client = @saved_cs_client */;

--
-- Dumping data for table `espiras`
--

LOCK TABLES `espiras` WRITE;
/*!40000 ALTER TABLE `espiras` DISABLE KEYS */;
INSERT INTO `espiras` VALUES (1,'1',4,'342','1','ertdg','2019-08-28',2344,'true',1234);
/*!40000 ALTER TABLE `espiras` ENABLE KEYS */;
UNLOCK TABLES;

--
-- Table structure for table `instalaciones`
--

DROP TABLE IF EXISTS `instalaciones`;
/*!40101 SET @saved_cs_client     = @@character_set_client */;
/*!50503 SET character_set_client = utf8mb4 */;
CREATE TABLE `instalaciones` (
  `id` varchar(255) CHARACTER SET utf8 NOT NULL,
  `ubicacion` varchar(255) CHARACTER SET utf8 DEFAULT NULL,
  `tipoInstalacion` varchar(255) CHARACTER SET utf8 DEFAULT NULL,
  `idUsuario` varchar(250) COLLATE utf8mb4_spanish_ci NOT NULL,
  PRIMARY KEY (`id`),
  KEY `idUsuario` (`idUsuario`)
) ENGINE=MyISAM DEFAULT CHARSET=utf8mb4 COLLATE=utf8mb4_spanish_ci;
/*!40101 SET character_set_client = @saved_cs_client */;

--
-- Dumping data for table `instalaciones`
--

LOCK TABLES `instalaciones` WRITE;
/*!40000 ALTER TABLE `instalaciones` DISABLE KEYS */;
INSERT INTO `instalaciones` VALUES ('1','Aragó - Uetam','CRUCE CENTRALIZADO','0'),('10','Manuel Azaña - Ricardo Ortega','CRUCE CENTRALIZADO','0'),('100','Plaça d´Espanya','CRUCE CENTRALIZADO','0'),('101','Tunel Comte Sallent','CRUCE CENTRALIZADO','0'),('102','Tinent Oyaga - Tomas de Villanueva','CRUCE CENTRALIZADO','0'),('103','Av. Alexandre Rosselló - Bisbe Perello','CRUCE CENTRALIZADO','0'),('104','Eusebi Estada - Tomas de Villanueva','CRUCE CENTRALIZADO','0'),('105','Av. Alexandre Rosselló - Costa i Llobera','CRUCE CENTRALIZADO','0'),('106','Av. Alexandre Rosselló - Aragó - Sindicat','CRUCE CENTRALIZADO','0'),('107','Av. Alexandre Rosselló - Av. Gabriel Alomar  - Manacor','CRUCE CENTRALIZADO','0'),('108','Av. Gabriel Alomal - G. Ricardo Ortega','CRUCE CENTRALIZADO','0'),('109','Bons Aires - General Riera - Av. Alemanya - Av. Comte de Sallent','CRUCE CENTRALIZADO','0'),('11','Manacor - Mnuel','CRUCE CENTRALIZADO','0'),('110','Av. Gabriel Alomar - Porta des camp','CRUCE CENTRALIZADO','0'),('111','Eusebi Estada - Pl. d´Espanya','CRUCE CENTRALIZADO','0'),('112','Av. Joan March - 31 Desembre - Av. Comte de Sallent','CRUCE CENTRALIZADO','0'),('113','Av. Comte de Sallent - Font i Monteros','CRUCE CENTRALIZADO','0'),('114','Anton Marques - Blanquerna','CRUCE CENTRALIZADO','0'),('115','31 Desembre - Antoni Marquès','CRUCE CENTRALIZADO','0'),('116','31 Desembre - Rossello i Caçador - Àusies March','CRUCE CENTRALIZADO','0'),('117','Francesc Suau - Poeta Guillem Colom - Francesc Fiol i Joan','CRUCE CENTRALIZADO','0'),('118','Capità Salom - Arquitecte Bennassar - Poeta Guillem Colom','CRUCE CENTRALIZADO','0'),('119','Plaça Cardenal Reig','CRUCE CENTRALIZADO','0'),('12','Pl Guillem Moragues ','CRUCE CENTRALIZADO','0'),('120','Plaça Alexander Fleming - Balmes - Arxiduc Lluís Salvador','CRUCE CENTRALIZADO','0'),('121','Arquitecte Bennassar - Arxiduc Lluís Salvador','CRUCE CENTRALIZADO','0'),('122','Marques de la Font Santa - Gabriel Maura','CRUCE CENTRALIZADO','0'),('123','Eusebi Estada - Francesc Sancho','CRUCE CENTRALIZADO','0'),('124','Eusebi Estada - Jaume Balmes','CRUCE CENTRALIZADO','0'),('125','Eusebi Estada - Arquitecte Bennassar','CRUCE CENTRALIZADO','0'),('126','Eusebi Estada - Henri Dunant','CRUCE CENTRALIZADO','0'),('127','Panells Túnel Corte Ingles','CRUCE CENTRALIZADO','0'),('128','Capità Salom - Conservatori','CRUCE CENTRALIZADO','0'),('129','Avd. Gabriel Alomar - Benito Perez Galdos','CRUCE CENTRALIZADO','0'),('13','Manacor - Reis Catòlics ','CRUCE CENTRALIZADO','0'),('130','Via Asima - Gremi de Ferrers','CRUCE CENTRALIZADO','0'),('131','Via Asima - Gremi de Boneters','CRUCE CENTRALIZADO','0'),('132','Via Asima - Gremi de Fusters','CRUCE CENTRALIZADO','0'),('133','Via Asima - Gremi de Boters','CRUCE CENTRALIZADO','0'),('134','Via Asima - Gremi de Saboners','CRUCE CENTRALIZADO','0'),('135','Via Asima - Gremi de Forners','CRUCE CENTRALIZADO','0'),('136','Capità Salom - Pere Càffaro','CRUCE CENTRALIZADO','0'),('137','Capità Salom - Sant Vicenç de Paul - Rector Antoni Ferrer','CRUCE CENTRALIZADO','0'),('138','Jaume Balmes - Jacint Verdaguer','CRUCE CENTRALIZADO','0'),('139','Cami Vell de Bunyola - Gremi de Sabaters','CRUCE CENTRALIZADO','0'),('14','Manacor - Regal','CRUCE CENTRALIZADO','0'),('140','Jacint Verdaguer - Arquitecte Bennassar','CRUCE CENTRALIZADO','0'),('141','Jacint Verdaguer - Gabriel Maura','CRUCE CENTRALIZADO','0'),('142','Cami Vell de Bunyola - Setze de Juliol - MA-13','CRUCE CENTRALIZADO','0'),('143','Cami Vell de Bunyola - Gremi de Pagesos','CRUCE CENTRALIZADO','0'),('144','Gremi de Sabaters - Gremi de Teixedors','CRUCE CENTRALIZADO','0'),('145','Gremi de Sabaters - Gremi de Ferrers','CRUCE CENTRALIZADO','0'),('146','Gremi de Sabaters - Gremi de Boneters','CRUCE CENTRALIZADO','0'),('147','Gremi de Sabaters - Gremi de Boters','CRUCE CENTRALIZADO','0'),('148','16 juliol - gremi boneters','CRUCE CENTRALIZADO','0'),('149','Gremi de Tintorers - Gremi de Ferrers - Paso Peatones Colegio  Ciudad de Malaga','CRUCE CENTRALIZADO','0'),('15','Pl Pere Garau - Francisco Manuel de los Herreros','CRUCE CENTRALIZADO','0'),('150','Gremi de Sabaters - Gremi de Fusters','CRUCE CENTRALIZADO','0'),('151','Marques de la Fontsanta - Miquel Marques','CRUCE CENTRALIZADO','0'),('152','Camí Vell de Bunyola - Sant Marc','CRUCE CENTRALIZADO','0'),('153','Camí Vell de Bunyola - Camí Nou - Gabriel Cortès','CRUCE CENTRALIZADO','0'),('154','Camí Vell de Bunyola - Camí de Na Cerdana - Camí de Son Nicolau','CRUCE CENTRALIZADO','0'),('155','Gremi de Tintorers - Jose Salazar Belmar - Gremi de Boneters','CRUCE CENTRALIZADO','0'),('156','Arxiduc Lluis Salvador - Ignasi Ferretjans (Antes Calle 386)','CRUCE CENTRALIZADO','0'),('157','Camí Vell de Bunyola - Recinto Ferial','CRUCE CENTRALIZADO','0'),('158','Avingudes - Joan Maragall','CRUCE CENTRALIZADO','0'),('159','Alfons el Magnànim - Salvador Allende','CRUCE CENTRALIZADO','0'),('16','Pl Pare Garau - Arquebisbe Aspàreg','CRUCE CENTRALIZADO','0'),('160','Tomas de Villanueva - Isaac Albeniz','CRUCE CENTRALIZADO','0'),('161','Son Hugo - Palma','CRUCE CENTRALIZADO','0'),('162','Son Hugo - Soller','CRUCE CENTRALIZADO','0'),('163','Francisco Sales - Vies Tren','CRUCE CENTRALIZADO','0'),('164','Eusebi Estrada - Jafuda Cresques','CRUCE CENTRALIZADO','0'),('17','Aragó - Gabriel maura ','CRUCE CENTRALIZADO','0'),('18','Aragó - Metge Josep Darder','CRUCE CENTRALIZADO','0'),('19','Aragó - Reis Catòlics','CRUCE CENTRALIZADO','0'),('2','Manacor - Francesc Barceló i Combis ','CRUCE CENTRALIZADO','0'),('20','Aragó - Semolera ','CRUCE CENTRALIZADO','0'),('200','Pasqual Ribot - Emili Darder','CRUCE CENTRALIZADO','0'),('201','Sant Vicenç de Paül - Colliure','CRUCE CENTRALIZADO','0'),('202','Av.  Argentina - Pl. Madrid','CRUCE CENTRALIZADO','0'),('203','Passeig de Mallorca  - Ruiz de Alda','CRUCE CENTRALIZADO','0'),('204','Rafael Rodriguez Mendez - Plaça del  Fortí','CRUCE CENTRALIZADO','0'),('205','Av.  Portugal - Pl. del Forti','CRUCE CENTRALIZADO','0'),('206','Av. Portugal - Via Roma','CRUCE CENTRALIZADO','0'),('207','Baró Pinopar - Rambla','CRUCE CENTRALIZADO','0'),('208','Av. Portugal - Av.  Alemanya','CRUCE CENTRALIZADO','0'),('209','Bons Aires - General Riera - Av. Alemanya - Av. Comte de Sallent','CRUCE CENTRALIZADO','0'),('21','Aragó - Camí de Son Gotleu - Vía de Cintura a Llevante','CRUCE CENTRALIZADO','0'),('210','Plaça  Madrid','CRUCE CENTRALIZADO','0'),('211','Pasqual Ribot - Niceto Alcala Zamora','CRUCE CENTRALIZADO','0'),('212','Joan Crespi - Llibertat','CRUCE CENTRALIZADO','0'),('213','Pasqual Ribot - Av. Sant Ferràn','CRUCE CENTRALIZADO','0'),('214','Francesc Marti Mora - Andreu Torrens','CRUCE CENTRALIZADO','0'),('215','Miquel Dels Sants Oliver - Pau Piferrer','CRUCE CENTRALIZADO','0'),('216','Andreu Torrens - Balanguera','CRUCE CENTRALIZADO','0'),('217','Andreu Torrens - Camí de Jesus','CRUCE CENTRALIZADO','0'),('219','General Riera - Ausias March','CRUCE CENTRALIZADO','0'),('22','Aragó - Eol - Vía de Cintura a Ponent','CRUCE CENTRALIZADO','0'),('220','General Riera - Joan Massenet','CRUCE CENTRALIZADO','0'),('221','General Riera - Guillem Forteza - Uruguay','CRUCE CENTRALIZADO','0'),('222','General Riera - Alfons el Savi','CRUCE CENTRALIZADO','0'),('223','Guillem Forteza - Cotlliure','CRUCE CENTRALIZADO','0'),('224','Carretera de Valldemossa - Miquel Arcas - Guillem Fortesa','CRUCE CENTRALIZADO','0'),('225','General Riera - Sant Vicenç de Paül - Bisbe Bernat Nadal','CRUCE CENTRALIZADO','0'),('226','Plaça Paris - Batle Joan Massanet - Blanquerna','CRUCE CENTRALIZADO','0'),('227','Carretera de Valldemossa - Sant Vicenç de Paül','CRUCE CENTRALIZADO','0'),('228','Av. Sant Ferran - Llibertat','CRUCE CENTRALIZADO','0'),('229','General Riera - Joan Fuster - Jordi Martí Rosselló - Prat de la Riba','CRUCE CENTRALIZADO','0'),('23','Aragó - Pere Ripoll i Palou','CRUCE CENTRALIZADO','0'),('230','Carretera de Valldemossa - Miquel Capllonch','CRUCE CENTRALIZADO','0'),('231','Pasqual Ribot - Mercadona - Gabriel Font i Martorell - Jaume Llado i Ferragut','CRUCE CENTRALIZADO','0'),('233','Camí de Son Rapinya - La Salle - Montision','CRUCE CENTRALIZADO','0'),('234','Camí de Jesus - Can Ferragut - Tetuan','CRUCE CENTRALIZADO','0'),('235','General Riera - Pare Bartomeu Pou - Lluís Vives','CRUCE CENTRALIZADO','0'),('236','Cami de Jesus - Tarragona - Gabriel Bestard','CRUCE CENTRALIZADO','0'),('237','Camí Son Rapinya - Llac Enol - V. Joan Catany','CRUCE CENTRALIZADO','0'),('238','Camí de Son Rapinya - CIDE','CRUCE CENTRALIZADO','0'),('239','Camí de la Vileta - Son Moix (Palacio Deportes)','CRUCE CENTRALIZADO','0'),('24','Aragó - Gessamí','CRUCE CENTRALIZADO','0'),('240','Camí de la Vileta - Son Llull','CRUCE CENTRALIZADO','0'),('241','Camí de la Vileta - Maribel','CRUCE CENTRALIZADO','0'),('242','Camí de la Vileta - Maria Antonia Salvà - Oblates','CRUCE CENTRALIZADO','0'),('243','Francesc Marti Mora - Pare Ignasi Fiol','CRUCE CENTRALIZADO','0'),('244','Salvador Dalí - F. Martí Mora - Joan Muntaner i Bujosa - Ocells- Beata Francinaina Cirer','CRUCE CENTRALIZADO','0'),('245','Joan Ripoll i Trobat,27 - General Felix Mas - Antoni Riera i Xamena','CRUCE CENTRALIZADO','0'),('246','Camí Jesús - Travesía de Jesus','CRUCE CENTRALIZADO','0'),('247','Carrer de l\'Uruguai - Palma Arena','CRUCE CENTRALIZADO','0'),('25','Aragó - Camí de can Mayol','CRUCE CENTRALIZADO','0'),('26','Aragó - Camí de Son Na Dolça','CRUCE CENTRALIZADO','0'),('27','Plaça Francesc García Orell','CRUCE CENTRALIZADO','0'),('28','Aragon - Rafael Alcover - Cami Salard','CRUCE CENTRALIZADO','0'),('29','Aragon - Poroto','CRUCE CENTRALIZADO','0'),('3','Joan Alcover - Foners ','CRUCE CENTRALIZADO','0'),('30','Ter - Gabriel Alzamora','CRUCE CENTRALIZADO','0'),('300','Plaça del Pont - Andrea Doria - Espartero - Marquès de la Sènia -Monsenyor Palmer','CRUCE CENTRALIZADO','0'),('301','Plaça del  Progrés','CRUCE CENTRALIZADO','0'),('302','Comte de Barcelona - Caro - Fàbrica','CRUCE CENTRALIZADO','0'),('303','Comte de Barcelona - Indústria','CRUCE CENTRALIZADO','0'),('304','Catalunya - Avinguda de l´Argentina','CRUCE CENTRALIZADO','0'),('305','Avinguda de l´Argentina - Caro - Teodor Llorente - Fàbrica','CRUCE CENTRALIZADO','0'),('306','Passeig de Mallorca - Teodor Llorente - Catalunya','CRUCE CENTRALIZADO','0'),('307','Marquès de la Sènia - Elcano - Guillem Costa','CRUCE CENTRALIZADO','0'),('308','Avinguda de Jaume III - Passeig de Mallorca','CRUCE CENTRALIZADO','0'),('309','Jaume III - Protectora - Bonaire','CRUCE CENTRALIZADO','0'),('31','Ter - Guadiana','CRUCE CENTRALIZADO','0'),('310','Plaça Joan Carles I - Passeig del Born - Av. Jaume III - Unió','CRUCE CENTRALIZADO','0'),('311','Andrea Doria - Bartomeu Rosselló Porcel - Juníper Serra','CRUCE CENTRALIZADO','0'),('312','Andrea Doria - Avinguda Picasso - Son Armadans','CRUCE CENTRALIZADO','0'),('313','DRAGONERA - COMPANY','CRUCE CENTRALIZADO','0'),('314','Marquès de la Sènia - Juníper Serra - Garcia Lorca','CRUCE CENTRALIZADO','0'),('315','Av. Joan Miró - Plaça Francesc Rosselló - Lluís Fàbregas','CRUCE CENTRALIZADO','0'),('316','Plaça Gomila - Av. Joan Miró - Robert Graves','CRUCE CENTRALIZADO','0'),('317','Av. Picasso - Son Espanyolet - Mata','CRUCE CENTRALIZADO','0'),('318','Joan Crespi - Villalonga','CRUCE CENTRALIZADO','0'),('319','Peatonals Avinguda Argentina - Sa Faixina - Fabrica','CRUCE CENTRALIZADO','0'),('32','Cami Salard - Gessamí - Mestre Perosi -Ginjoler','CRUCE CENTRALIZADO','0'),('320','Bartomeu Rosselló Porcel - Son Espanyolet - Avinyó','CRUCE CENTRALIZADO','0'),('321','Andrea Doria - Son Dureta - Alvaro de Bazán','CRUCE CENTRALIZADO','0'),('322','Camí dels Reis - Rector Vives - Camí del Tramvia','CRUCE CENTRALIZADO','0'),('323','Camí dels Reis - Puig del Caragol','CRUCE CENTRALIZADO','0'),('33','Cami Salard - Biniali','CRUCE CENTRALIZADO','0'),('34','Marratxi. Av. Antoni Maura - Francesc Salva i Piza','CRUCE CENTRALIZADO','0'),('35','Marratxi. Av. Antoni Maura - Cami de la Cabana - Sant Llatzet','CRUCE CENTRALIZADO','0'),('36','Metge Josep Darder - Cardenal Despuig - Isidoro Antillon','CRUCE CENTRALIZADO','0'),('37','Manacor - LA ONCE','CRUCE CENTRALIZADO','0'),('38','Manuel Azaña - Montevideo','CRUCE CENTRALIZADO','0'),('39','Indalecio Prieto - Regal','CRUCE CENTRALIZADO','0'),('4','Joan Alcover - Pérez Galdós','CRUCE CENTRALIZADO','0'),('40','Indalecio Prieto - Tomas Rul·lan','CRUCE CENTRALIZADO','0'),('400','Passeig Marítim - Monsenyor Palmer','CRUCE CENTRALIZADO','0'),('401','Passeig Marítim - Avinguda Argentina','CRUCE CENTRALIZADO','0'),('402','Passeig Marítim - Mollet','CRUCE CENTRALIZADO','0'),('403','Psasseig Marítim - La Llonja','CRUCE CENTRALIZADO','0'),('404','Passeig Marítim - Aduanes','CRUCE CENTRALIZADO','0'),('405','Plaça de la Reina','CRUCE CENTRALIZADO','0'),('406','Costa del Gas - Autovia de Llevant','CRUCE CENTRALIZADO','0'),('407','Manuel Azaña - Autovia Llevant','CRUCE CENTRALIZADO','0'),('408','Joan Maragall - Portitxol','CRUCE CENTRALIZADO','0'),('409','Carrer de Llucmajor - Santueri - Bartomeu Cladera - B. Barcelo i Mir','CRUCE CENTRALIZADO','0'),('41','Pl. Miquel Dolç','CRUCE CENTRALIZADO','0'),('410','Capità Ramonell Boix - Sant Marçal','CRUCE CENTRALIZADO','0'),('411','Capità Ramonell Boix -Tte Cañellas Alcover','CRUCE CENTRALIZADO','0'),('412','Capità Ramonell Boix - Alga - Bilbao','CRUCE CENTRALIZADO','0'),('413','Capità Ramonell Boix - Vidal','CRUCE CENTRALIZADO','0'),('414','Passeig Marítim - Auditòrium','CRUCE CENTRALIZADO','0'),('415','Passeig Marítim - S´Aigo Dolça','CRUCE CENTRALIZADO','0'),('416','Passeig Marítim - Pedrera','CRUCE CENTRALIZADO','0'),('417','Passeig Marítim - Can Barbara','CRUCE CENTRALIZADO','0'),('418','Passeig Marítim - Casa del Jamón','CRUCE CENTRALIZADO','0'),('419','Joan Miró - Rafaletes','CRUCE CENTRALIZADO','0'),('42','Arago - Frederic Mistral - Gilabert de Centelles','CRUCE CENTRALIZADO','0'),('420','Passeig Marítim - Rotonda Porto Pi','CRUCE CENTRALIZADO','0'),('421','Joan Miró - Marivent','CRUCE CENTRALIZADO','0'),('422','Joan Miró - Miquel Rossello Alemany','CRUCE CENTRALIZADO','0'),('423','Joan Miró - Gavina','CRUCE CENTRALIZADO','0'),('424','Joan Miró - Camí Veinal de Genova','CRUCE CENTRALIZADO','0'),('425','Joan Miró - Son Toells','CRUCE CENTRALIZADO','0'),('426','Joan Miró - Victorio Luzuriaga','CRUCE CENTRALIZADO','0'),('427','La Cala','CRUCE CENTRALIZADO','0'),('428','Capitan Ramonell Boix - Sor Isabel Cifre','CRUCE CENTRALIZADO','0'),('429','Cardenal Rossell - Illa de Rodes','CRUCE CENTRALIZADO','0'),('43','Av. Mèxic - Puerto Rico','CRUCE CENTRALIZADO','0'),('430','Cardenal Rossell - Illa de Malta - Canonge Tarongí - Trafalgar','CRUCE CENTRALIZADO','0'),('431','Cardenal Rossell - Cami de Can Pastilla - Castillejos - Bartomeu Castell','CRUCE CENTRALIZADO','0'),('432','Cardenal Rossell - Estepona','CRUCE CENTRALIZADO','0'),('433','Autopista LLevant - Joan Maragall','CRUCE CENTRALIZADO','0'),('434','Passeig Maritim - Hotel Bellver','CRUCE CENTRALIZADO','0'),('435','Can Pastilla - GESA','CRUCE CENTRALIZADO','0'),('436','Joan Miró - Corb Marí','CRUCE CENTRALIZADO','0'),('437','Capitan Ramonell Boix - Cuba','CRUCE CENTRALIZADO','0'),('438','Autovia - Catedral','CRUCE CENTRALIZADO','0'),('439','CAMI CAN PASTILLA-OCTAVI AUGUST-PINS (CONTROL VELOCIDAD)','CRUCE CENTRALIZADO','0'),('44','Palau de Congressos  - Puerto Rico','CRUCE CENTRALIZADO','0'),('440','OCTAVI AUGUST - PLINI','CRUCE CENTRALIZADO','0'),('441','TRAMUNTANA - PADUA','CRUCE CENTRALIZADO','0'),('442','TRAMUNTANA - XABEC','CRUCE CENTRALIZADO','0'),('443','Passeig Maritim - Pl Mediterrània','CRUCE CENTRALIZADO','0'),('45','Aragó - Llorenç Riber','CRUCE CENTRALIZADO','0'),('46','Manacor - Tomàs Rul·lan','CRUCE CENTRALIZADO','0'),('5','Joan Alcover - Joan Maragall','CRUCE CENTRALIZADO','0'),('6','Joan Maragall - Manuel Azaña','CRUCE CENTRALIZADO','0'),('7','Manuel Azaña - Pérez Galdós','CRUCE CENTRALIZADO','0'),('000','ALMACÉN','ALMACÉN','1'),('8','Manuel Azaña - Avda Mèxic','CRUCE CENTRALIZADO','0'),('9','Avda Mèxic - Ciudad de Queretano','CRUCE CENTRALIZADO','0'),('900','BARTOMEU SALVA - JOAN LLABRES - LA PORCINCULA','CRUCE NO CENTRALIZADO','0'),('901','Camí dels Reís - Poima','CRUCE NO CENTRALIZADO','0'),('902','Avda Amèrica - Trovadors','CRUCE NO CENTRALIZADO','0'),('903','BOMBEROS IKEA','CRUCE NO CENTRALIZADO','0'),('906','CTRA. MANACOR - PERE D´ALCANTARA PENYA','CRUCE NO CENTRALIZADO','0'),('907','MAR DE ARAL - MAR DEL JAPON','CRUCE NO CENTRALIZADO','0'),('908','ANDREA DORIA (HOSPITAL SON DURETA)','CRUCE NO CENTRALIZADO','0'),('910','SALVADOR DALI - FCESC. MARTI MORA -FCESC. MARTI MORA-JOAN MUNTANER I BUJOSA  OCELLS-BEATA FRANCINAINA CIRER','CRUCE NO CENTRALIZADO','0'),('912','AV. PICASSO - COL.LEGI SAN CAYETANO - S´AIGO BLAVA','CRUCE NO CENTRALIZADO','0'),('913','PLAÇA PIO IX - AVINGUDA BARTOMEU RIUTORT - BELLAMAR','CRUCE NO CENTRALIZADO','0'),('915','CAMI DE CA NA GABRIELA - CARRETERA MILITAR','CRUCE NO CENTRALIZADO','0'),('920','EUSEBI ESTADA - JAFUDA CRESQUES - REI SANÇ','CRUCE NO CENTRALIZADO','0'),('921','CAMI DELS REIS I GREMI SUCRERS (RENAULT)','CRUCE NO CENTRALIZADO','0'),('927','SON FANGOS - RONCAL','CRUCE NO CENTRALIZADO','0'),('934','CAMI GENOVA A SANT AGUSTI - CABO MATEU COCH','CRUCE NO CENTRALIZADO','0'),('935','CARRETERA MILITAR,134 - CAMI DE LA PORCINCULA-TRENCADORS- CAMI PEDRERES','CRUCE NO CENTRALIZADO','0'),('937','BOMBERS PLATJA DE PALMA-NEOPATRIA-ATENES','CRUCE NO CENTRALIZADO','0'),('939','PASO PEATONES MANACOR- SON FERRIOL - MARQUES DE TENERIFE','CRUCE NO CENTRALIZADO','0'),('941','CTRA. SOLLER,13 - SON PACS','CRUCE NO CENTRALIZADO','0'),('943','JOAN MASCARO I FORNERS - MOLI DES COMPTE - CRTA. ESPORLES','CRUCE NO CENTRALIZADO','0'),('944','CAMI DE LES MERAVELLES - LLAUT','CRUCE NO CENTRALIZADO','0'),('945','MARBELLA - ACAPULCO','CRUCE NO CENTRALIZADO','0'),('946','BLAVETS DE LLUC - CISTER - JOAN MASCARO I FORNES','CRUCE NO CENTRALIZADO','0'),('950','CRTA MILITAR - AVD.  AMERICA - TAMARELLS','CRUCE NO CENTRALIZADO','0'),('951','LLAUT - TROBADORS','CRUCE NO CENTRALIZADO','0'),('952','CARRETERA MILITAR - MILAN','CRUCE NO CENTRALIZADO','0'),('953','MAR DE ARAL - PARCEL.LES (CONTROL VELOCITAT) MIQUEL PELLISA - SANT RAMON NONAT','CRUCE NO CENTRALIZADO','0'),('954','CARRETERA MILITAR - C/ QUARTER','CRUCE NO CENTRALIZADO','0'),('961','ARCHIDUQUE LUIS SALVADOR - HENRI DUNANT','CRUCE NO CENTRALIZADO','0'),('964','JOAN DE SARIDAKIS-BERNAT DE SANTA EUGENIA- CAMI DE CAN ESTADE','CRUCE NO CENTRALIZADO','0'),('965','CONTROL DE VELOCIDAD EN JOAN DE SARIDAKIS - PUIG DE RANDA','CRUCE NO CENTRALIZADO','0'),('968','INDALECIO PRIETO,50-PAS DE VIANANTS-COL.LEGI RAFAL VELL','CRUCE NO CENTRALIZADO','0'),('969','CANONGE ANTONI SANCHO - CAMI NOU - CAMI DEN MAYOL - ARQ.MIQUEL ROCA','CRUCE NO CENTRALIZADO','0'),('991','CTRA. LLUCMAJOR - AIRES DE LA MAR - BON VENT - CONTROL DE VELOCIDAD','CRUCE NO CENTRALIZADO','0'),('992','CTRA. LLUCMAJOR - CTRA. MILITAR','CRUCE NO CENTRALIZADO','0'),('993','CTRA. MANACOR - CAIXO (CASABLANCA)','CRUCE NO CENTRALIZADO','0'),('994','CTRA. SOLLER - CENTRO PENITENCIARIO','CRUCE NO CENTRALIZADO','0'),('997','AVD. DEL CID - CAMI VELL SINEU','CRUCE NO CENTRALIZADO','0'),('A5001','Antoni Maura','CONTROL DE ACCESOS','0'),('A5002','Riera','CONTROL DE ACCESOS','0'),('A5011','Jonquet Entrada','CONTROL DE ACCESOS','0'),('A5012','Jonquet Salida','CONTROL DE ACCESOS','0'),('A5021','Sta Catalina','CONTROL DE ACCESOS','0'),('A5022','San Feliu','CONTROL DE ACCESOS','0'),('A5023','Apuntadors','CONTROL DE ACCESOS','0'),('A5024','Sagrera','CONTROL DE ACCESOS','0'),('A5031','Concepcio','CONTROL DE ACCESOS','0'),('A5032','Sta Magdalena','CONTROL DE ACCESOS','0'),('A5041','Tous i Maroto','CONTROL DE ACCESOS','0'),('A5051','Palau Reial','CONTROL DE ACCESOS','0'),('A5061','Sta Fe','CONTROL DE ACCESOS','0'),('A5071','Sta Eulalia','CONTROL DE ACCESOS','0'),('A5072','Hostals','CONTROL DE ACCESOS','0'),('A5073','Corderia','CONTROL DE ACCESOS','0'),('A5074','Socors','CONTROL DE ACCESOS','0'),('A5075','Antoni Planas','CONTROL DE ACCESOS','0'),('A5081','Monges','CONTROL DE ACCESOS','0'),('A5101','Volta de la Merçe','CONTROL DE ACCESOS','0'),('A5111','Cardenal Pou','CONTROL DE ACCESOS','0'),('A5112','Francesc de Borja Moll','CONTROL DE ACCESOS','0'),('A5113','Horts','CONTROL DE ACCESOS','0'),('A5121','Porta Forteza','CONTROL DE ACCESOS','0'),('A5122','Porta Bujosa','CONTROL DE ACCESOS','0'),('BICI 01','PARC DE SES VELES','BICIPALMA','0'),('BICI 02','MANUEL AZAÑA - FORNERS','BICIPALMA','0'),('BICI 06','MANACOR - MANUEL AZAÑA','BICIPALMA','0'),('BICI 07','ARAGÓ - NEREDDUNA','BICIPALMA','0'),('BICI 09','FRANCISCO MANUEL DE LOS HERREROS','BICIPALMA','0'),('BICI 13','PARC DE SES ESTACIONS','BICIPALMA','0'),('BICI 15','JACINT VERDAGUER - JAUME BALMES','BICIPALMA','0'),('BICI 16','PARC DE SA RIERA','BICIPALMA','0'),('BICI 17','ARAGÓ - JAUME BALMES','BICIPALMA','0'),('BICI 18','METGE DARDER - BISBE CABANELLES','BICIPALMA','0'),('BICI 19','ARXIDUC LLUIS SALAVADOR - JOSEP BALAGUER','BICIPALMA','0'),('BICI 21 ','PLAZA ALEXANDER FLEMING ','BICIPALMA','0'),('BICI 24','BLANQUERNA - AVDA COMPTE SALLENT','BICIPALMA','0'),('BICI 25','BLANQUERNA - PARE BARTOLOMÉ POU','BICIPALMA','0'),('BICI 27','PL PARÍS','BICIPALMA','0'),('BICI 29','INSTITUT BALEAR','BICIPALMA','0'),('BICI 31','PL MADRID','BICIPALMA','0'),('BICI 32','PL BARCELONA','BICIPALMA','0'),('BICI 34','LLIBERTAT - SANT FERRAN','BICIPALMA','0'),('BICI 37 ','AVDA ARGENTINA  - COMTE DE BARCELONA','BICIPALMA','0'),('BICI 41','FÀBRICA','BICIPALMA','0'),('BICI 45','JAUME III','BICIPALMA','0'),('BICI 46','PL. REI JOAN CARLES I','BICIPALMA','0'),('BICI 47','PL. PORTA DE SANTA CATALINA','BICIPALMA','0'),('BICI 49','PL. DE LA REINA','BICIPALMA','0'),('BICI 51','VIA ROMA','BICIPALMA','0'),('BICI 52','CECILI METEL','BICIPALMA','0'),('BICI 55','PL. SANTA EULÀLIA','BICIPALMA','0'),('BICI 59','MATEU ENRIC LLADÓ ','BICIPALMA','0'),('BICI 60','TRAVESSA D´EN BALLESTER','BICIPALMA','0'),('BICI 61','PLAÇA PONT ','BICIPALMA','0'),('BICI 63','PL. ESPANYA','BICIPALMA','0'),('BICI 65','PL. ALEXANDRE JAUME','BICIPALMA','0'),('BICI 70 ','CRTA VALLDEMOSSA - MIQUEL ARCAS','BICIPALMA','0'),('BICI 71','CRTA VALLDEMOSSA - SANT VICENÇ DE PAÚL','BICIPALMA','0'),('BICI 77','JACINT VERDAGUER - PREVERE RAFAEL BARRERA','BICIPALMA','0'),('BICI 80','LLUCMAJOR - PASSEIG BARTOMEU BARCELÓ I MIR','BICIPALMA','0'),('C700','Cargador Vehiculos Electricos  C/ Aragon','CARGADORES ELÉCTRICOS','0'),('C701','Cargador Vehiculos Electricos  C/ Conquistador','CARGADORES ELÉCTRICOS','0'),('C702','Cargador Motos - Av. Jaume III núm. 18 cant. Carrer Baró Sta Mª del Sepulcre','CARGADORES ELÉCTRICOS','0'),('C703','Cargador Motos - Carrer Aragó núm. 4','CARGADORES ELÉCTRICOS','0'),('C704','Cargador Motos - Carret Josep Tous i Ferrer cant pç Comtat del Rosselló','CARGADORES ELÉCTRICOS','0'),('C705','Cargador Motos - Carrer Conquistador cant. Pç de la Reina','CARGADORES ELÉCTRICOS','0'),('C706','Cargador coches- Carrer Aragó núm. 2','CARGADORES ELÉCTRICOS','0'),('C707','Cargador coches- Av. Sant Ferran múm. 36','CARGADORES ELÉCTRICOS','0'),('C708','Cargador coches-Ps Mallorca núm. 28 cant carrer Jaume de Santacilia','CARGADORES ELÉCTRICOS','0'),('C709','Cargador coches- Pç Alexander Fleming costat oposat al núm. 5','CARGADORES ELÉCTRICOS','0'),('C710','Cargador coches-  Carrer Joan Maragall cant av Gabriel Alomar','CARGADORES ELÉCTRICOS','0'),('C711','Cargador coches- Pl. Reina','CARGADORES ELÉCTRICOS','0'),('C712','Cargador coches- Pl. Paris, 12','CARGADORES ELÉCTRICOS','0'),('C713','Cargador coches- Carrer Balanguera, 29','CARGADORES ELÉCTRICOS','0'),('C714','Cargador coches- Carrer 16 Julio, 83','CARGADORES ELÉCTRICOS','0'),('C715','Cargador coches- Carrer Sant Miquel, 77','CARGADORES ELÉCTRICOS','0'),('C716','Cargador Motos - Carrer Sant Miquel, 68','CARGADORES ELÉCTRICOS','0'),('CENTRAL 0','CENTRAL0','CENTRAL','0'),('CENTRAL 1','CENTRAL 1','CENTRAL','0'),('CENTRAL 2','CENTRAL 2','CENTRAL','0'),('CENTRAL 3','CENTRAL 3','CENTRAL','0'),('CENTRAL 4','CENTRAL 4','CENTRAL','0'),('CENTRAL 5','CENTRAL 5','CENTRAL','0'),('CENTRAL 6','CENTRAL 6','CENTRAL','0'),('CENTRAL 7','CENTRAL 7','CENTRAL','0'),('CENTRAL VIELETA','VIELETA','CENTRAL','0'),('E00101','Uetam','ESPIRAS','0'),('E00102','Arago Entre Uetam I Gabriel Maura','ESPIRAS','0'),('E00103','Arago Entre Uetam I Gabriel Maura','ESPIRAS','0'),('E00104','Miquel Marqués','ESPIRAS','0'),('E00105','Miquel Marqués','ESPIRAS','0'),('E00106','Miquel Marqués','ESPIRAS','0'),('E00107','Arago Entre Uetam I Corte Inglés','ESPIRAS','0'),('E00108','Arago Entre Uetam I Corte Inglés','ESPIRAS','0'),('E00201','Manacor Entre Manuel Azaña I Joan Alcover','ESPIRAS','0'),('E00202','Manacor Entre Manuel Azaña I Joan Alcover','ESPIRAS','0'),('E00203','Manacor Entre Manuel Azaña I Joan Alcover Gir Esquerra','ESPIRAS','0'),('E00204','Barceló I Combis','ESPIRAS','0'),('E00205','Barceló I Combis','ESPIRAS','0'),('E00206','Barceló I Combis','ESPIRAS','0'),('E00207','Manacor Entre Avingudes I Joan Alcover','ESPIRAS','0'),('E00208','Manacor Entre Avingudes I Joan Alcover','ESPIRAS','0'),('E00209','Joan Alcover Entre Manacor I General Ricardo Ortega','ESPIRAS','0'),('E00210','Joan Alcover Entre Manacor I General Ricardo Ortega','ESPIRAS','0'),('E00211','Joan Alcover Entre Manacor I General Ricardo Ortega','ESPIRAS','0'),('E00301','Joan Alcover Entre General Ricardo Ortega I Perez Galdos','ESPIRAS','0'),('E00302','Joan Alcover Entre General Ricardo Ortega I Perez Galdos','ESPIRAS','0'),('E00303','Joan Alcover Entre General Ricardo Ortega I Perez Galdos','ESPIRAS','0'),('E00501','Joan Alcover Entre Perez Galdós I Joan Maragall','ESPIRAS','0'),('E00502','Joan Alcover Entre Perez Galdós I Joan Maragall','ESPIRAS','0'),('E00503','Joan Alcover Entre Perez Galdós I Joan Maragall','ESPIRAS','0'),('E00602','Manuel Azaña Entre Perez Galdós I Joan Maragall','ESPIRAS','0'),('E00603','Manuel Azaña Entre Perez Galdós I Joan Maragall','ESPIRAS','0'),('E00604','Joan Maragall Entre Joan Alcover I Manuel Azaña','ESPIRAS','0'),('E00605','Joan Maragall Entre Joan Alcover I Manuel Azaña Gir Esquerra','ESPIRAS','0'),('E00801','Avinguda Mexic Entre Ciutat De Queretaro I Manuel Azaña','ESPIRAS','0'),('E00802','Foners','ESPIRAS','0'),('E00803','Foners','ESPIRAS','0'),('E00901','Ciutat De Queretaro','ESPIRAS','0'),('E00902','Avenida De Mexic Entre Manuel Azaña I Ciutat De Queretaro','ESPIRAS','0'),('E00903','Avenida De Mexic Entre Manuel Azaña I Ciutat De Queretaro','ESPIRAS','0'),('E01001','General Ricardo Ortega Entre Joan Alcover I Mazuel Azaña','ESPIRAS','0'),('E01002','Manuel Azaña Entre Ricardo Ortega I Manacor','ESPIRAS','0'),('E01003','Manuel Azaña Entre Ricardo Ortega I Manacor','ESPIRAS','0'),('E01101','Capita Vila','ESPIRAS','0'),('E01201','Benet Pons I Fábregues','ESPIRAS','0'),('E01203','Francesc Pi I Maragall','ESPIRAS','0'),('E01205','Joan Bauzá','ESPIRAS','0'),('E01301','Manacor Entre Manuel Azaña I Reis Catolics','ESPIRAS','0'),('E01302','Manacor Entre Manuel Azaña I Reis Catolics Gir Esquerra','ESPIRAS','0'),('E01303','Manacor Entre Regal I Reis Catolics','ESPIRAS','0'),('E01304','Manacor Entre Regal I Reis Catolics','ESPIRAS','0'),('E01305','Eis Catolics Entre Pl. Teniente Coronel Franco I Manacor','ESPIRAS','0'),('E01701','Arago Entre Güell I Gabriel Maura','ESPIRAS','0'),('E01702','Arago Entre Güell I Gabriel Maura','ESPIRAS','0'),('E01703','Gabriel Maura','ESPIRAS','0'),('E01704','Gabriel Maura','ESPIRAS','0'),('E01705','Gabriel Maura','ESPIRAS','0'),('E01706','Arago Entre Gabriel Maura I Uetam','ESPIRAS','0'),('E01707','Arago Entre Gabriel Maura I Uetam','ESPIRAS','0'),('E01801','Arago Entre Reis Catolics I','ESPIRAS','0'),('E01802','Arago Entre Reis Catolics I','ESPIRAS','0'),('E01803','Metge Jose Darder','ESPIRAS','0'),('E01804','Metge Jose Darder','ESPIRAS','0'),('E01805','Metge Jose Darder','ESPIRAS','0'),('E01806','Metge Jose Darder','ESPIRAS','0'),('E01901','Reis Catolics Entre Pl. Teniente Coronel Franco I Arago','ESPIRAS','0'),('E01902','Arago Entre Güell I Reis Catolics','ESPIRAS','0'),('E01903','Arago Entre Güell I Reis Catolics','ESPIRAS','0'),('E02201','Salida Via De Cintura Aragon Desde Andratx','ESPIRAS','0'),('E02202','Salida Via De Cintura Aragon Desde Andratx','ESPIRAS','0'),('E02203','Arago Entre Cami De Son Gotleu I Eol','ESPIRAS','0'),('E02204','Arago Entre Cami De Son Gotleu I Eol','ESPIRAS','0'),('E02205','Arago Entre Cami De Son Gotleu I Eol Gir Esquerra','ESPIRAS','0'),('E02206','Arago Entre Eol I Camí De Son Gotleu','ESPIRAS','0'),('E02207','Arago Entre Eol I Camí De Son Gotleu','ESPIRAS','0'),('E02208','Arago Entre Eol I Camí De Son Gotleu Gir Esquerra','ESPIRAS','0'),('E02302','Pere Ripoll Palou','ESPIRAS','0'),('E02303','Arago Entre Ter I Per Ripoll Palou','ESPIRAS','0'),('E02304','Arago Entre Ter I Per Ripoll Palou','ESPIRAS','0'),('E02401','Arago Entre Pere Ripoll Palou I Ter','ESPIRAS','0'),('E02402','Arago Entre Pere Ripoll Palou I Ter','ESPIRAS','0'),('E02501','Cami Den Maiol','ESPIRAS','0'),('E02502','Cami Den Maiol','ESPIRAS','0'),('E02503','Cami Den Maiol Direccio Son Cladera','ESPIRAS','0'),('E02701','Nuredduna Entre Avingudes I Teniente Coronel Franco','ESPIRAS','0'),('E02702','Nicolas De Pacs','ESPIRAS','0'),('E02703','Nicolas De Pacs','ESPIRAS','0'),('E02704','Nicolas De Pacs','ESPIRAS','0'),('E02803','Cami Salard','ESPIRAS','0'),('E02804','Arago Entre Cami Salard I Ter','ESPIRAS','0'),('E02805','Arago Entre Cami Salard I Ter','ESPIRAS','0'),('E02806','Arago Entre Ter I Cami Salard','ESPIRAS','0'),('E02807','Arago Entre Ter I Cami Salard','ESPIRAS','0'),('E03102','Incorporacio Autopista Inca Cap A Makro','ESPIRAS','0'),('E03103','Makro Cap A Ter','ESPIRAS','0'),('E03104','Ter Cap A Makro','ESPIRAS','0'),('E03105','Ter Cap A Makro','ESPIRAS','0'),('E10001','Avingudes Entre Pl. Espanya I Bisbe Perello','ESPIRAS','0'),('E10002','Avingudes Entre Pl. Espanya I Bisbe Perello','ESPIRAS','0'),('E10003','Avingudes Entre Pl. Espanya I Bisbe Perello','ESPIRAS','0'),('E10004','Marques De Fontsanta Entre Miquel Marques I Pl. Espanya','ESPIRAS','0'),('E10103','Tunel Avingudes Sortida Antoni Marques','ESPIRAS','0'),('E10104','Tunel Avingudes Sortida Antoni Marques','ESPIRAS','0'),('E10105','Tunel Avingudes Sortida General Riera','ESPIRAS','0'),('E10301','Avingudes Entre Costa I Llobera I Bisbe Perello','ESPIRAS','0'),('E10302','Avingudes Entre Costa I Llobera I Bisbe Perello','ESPIRAS','0'),('E10303','Avingudes Entre Costa I Llobera I Bisbe Perello','ESPIRAS','0'),('E10402','Eusebi Estada Entre Puente I Tomes De Villanueva','ESPIRAS','0'),('E10403','Eusebi Estada Entre Puente I Tomes De Villanueva','ESPIRAS','0'),('E10404','Tomas De Villanueva Entre Vies Del Tren I Eusebi Estada','ESPIRAS','0'),('E10405','Tomas De Villanueva Entre Vies Del Tren I Eusebi Estada','ESPIRAS','0'),('E10501','Avingudes Entre Costa I Llobera I Arago','ESPIRAS','0'),('E10502','Avingudes Entre Costa I Llobera I Arago','ESPIRAS','0'),('E10503','Avingudes Entre Costa I Llobera I Arago','ESPIRAS','0'),('E10504','Tunel Corte Ingles Entrada','ESPIRAS','0'),('E10601','Arago Entre Corte Inglés I Avingudes','ESPIRAS','0'),('E10602','Arago Entre Corte Inglés I Avingudes','ESPIRAS','0'),('E10603','Arago Entre Corte Inglés I Avingudes','ESPIRAS','0'),('E10701','Manacor Entre Joan Alcover I Avingudes','ESPIRAS','0'),('E10702','Manacor Entre Joan Alcover I Avingudes','ESPIRAS','0'),('E10703','Avingudes Entre Manacor I Arago Gir Dreta','ESPIRAS','0'),('E10704','Avingudes Entre Manacor I Arago Carril Bus','ESPIRAS','0'),('E10705','Avingudes Entre Manacor I Arago','ESPIRAS','0'),('E10706','Avingudes Entre Manacor I Arago','ESPIRAS','0'),('E10707','Avingudes Entre Manacor I Arago Gir Esquerra','ESPIRAS','0'),('E10802','Avingudes Entre Manacor I General Ricardo Ortega','ESPIRAS','0'),('E10803','Avingudes Entre Manacor I General Ricardo Ortega','ESPIRAS','0'),('E10804','Avingudes Entre Manacor I General Ricardo Ortega Gir Esquerra','ESPIRAS','0'),('E10805','Avingudes Entre General Ricardo Ortega I Manacor','ESPIRAS','0'),('E10806','Avingudes Entre General Ricardo Ortega I Manacor','ESPIRAS','0'),('E10807','Avingudes Entre General Ricardo Ortega I Manacor','ESPIRAS','0'),('E10901','Avingudes Entre Escola Graduada I Perez Galdos','ESPIRAS','0'),('E10902','Avingudes Entre Escola Graduada I Perez Galdos','ESPIRAS','0'),('E11001','Porta Des Camp','ESPIRAS','0'),('E11006','Avingudes Entre Perez Galdos I Porta Des Camp','ESPIRAS','0'),('E11007','Avingudes Entre Perez Galdos I Porta Des Camp','ESPIRAS','0'),('E11101','Avingudes Entre Eusebi Estada I 31 De Desembre','ESPIRAS','0'),('E11102','Avingudes Entre Eusebi Estada I 31 De Desembre','ESPIRAS','0'),('E11103','Avingudes Entre Eusebi Estada I 31 De Desembre','ESPIRAS','0'),('E11104','Avingudes Entre Eusebi Estada I 31 De Desembre','ESPIRAS','0'),('E11105','Avingudes Entre Eusebi Estada I 31 De Desembre','ESPIRAS','0'),('E11106','Eusebi Estada Entre Francesc Sanxo I Pl. Espanya','ESPIRAS','0'),('E11107','Eusebi Estada Entre Francesc Sanxo I Pl. Espanya','ESPIRAS','0'),('E11201','Avingudes Entre 31 De Desembre I Font I Monteros','ESPIRAS','0'),('E11202','Avingudes Entre 31 De Desembre I Font I Monteros','ESPIRAS','0'),('E11203','Avingudes Entre 31 De Desembre I Font I Monteros','ESPIRAS','0'),('E11204','Avingudes Entre 31 De Desembre I Font I Monteros','ESPIRAS','0'),('E11205','Avingudes Entre 31 De Desembre I Pl. Espanya','ESPIRAS','0'),('E11206','Avingudes Entre 31 De Desembre I Pl. Espanya','ESPIRAS','0'),('E11208','31 De Desembre Entre Antoni Marques I Avingudes','ESPIRAS','0'),('E11209','31 De Desembre Entre Antoni Marques I Avingudes','ESPIRAS','0'),('E11301','Avingudes Entre General Riera I Font I Monteros','ESPIRAS','0'),('E11302','Avingudes Entre General Riera I Font I Monteros','ESPIRAS','0'),('E11303','Avingudes Entre General Riera I Font I Monteros','ESPIRAS','0'),('E11304','Avingudes Entre General Riera I Font I Monteros','ESPIRAS','0'),('E11305','Avingudes Entre General Riera I Font I Monteros','ESPIRAS','0'),('E11306','Avingudes Entre General Riera I Font I Monteros','ESPIRAS','0'),('E11401','Antoni Marques','ESPIRAS','0'),('E11402','Antoni Marques','ESPIRAS','0'),('E11403','Antoni Marques','ESPIRAS','0'),('E11501','31 De Desembre Entre Antoni Marques I Pl. Abu Iahia','ESPIRAS','0'),('E11502','32 De Desembre Entre Antoni Marques I Pl. Abu Iahia','ESPIRAS','0'),('E11601','Rosselló I Caçador','ESPIRAS','0'),('E11602','Rosselló I Caçador','ESPIRAS','0'),('E11603','Rosselló I Caçador','ESPIRAS','0'),('E11604','Pare Bartomeu Pou','ESPIRAS','0'),('E11701','Poeta Guillem Colom','ESPIRAS','0'),('E11702','Poeta Guillem Colom','ESPIRAS','0'),('E11703','Francesc Suau','ESPIRAS','0'),('E11704','Francesc Suau','ESPIRAS','0'),('E11705','Francesc Fiol I Joan','ESPIRAS','0'),('E11706','Francesc Fiol I Joan','ESPIRAS','0'),('E11802','Gaspar Bennassar Entre Arxiduc Lluis Salvador I Capita Salom','ESPIRAS','0'),('E11803','Capita Salom Entre Pl. Abu Yahya I Creu Rotja','ESPIRAS','0'),('E11804','Capita Salom Entre Pl. Abu Yahya I Creu Rotja','ESPIRAS','0'),('E11805','Capita Salom Entre Pl. Abu Yahya I Creu Rotja','ESPIRAS','0'),('E11901','Antoni Frontera','ESPIRAS','0'),('E12001','Balmes Entre Eusebi Estada I Pl. Fleming','ESPIRAS','0'),('E12002','Balmes Entre Eusebi Estada I Pl. Fleming','ESPIRAS','0'),('E12003','Balmes Entre Eusebi Estada I Pl. Fleming','ESPIRAS','0'),('E12301','Eusebi Estada Entre Pl. Espanya I Francesc Sanxo','ESPIRAS','0'),('E12302','Francesc Sanxo','ESPIRAS','0'),('E12303','Francesc Sanxo','ESPIRAS','0'),('E12304','Francesc Sanxo','ESPIRAS','0'),('E12305','Eusebi Estada Entre Balmes I Francesc Sanxo Gir Esquerra','ESPIRAS','0'),('E12306','Eusebi Estada Entre Balmes I Francesc Sanxo','ESPIRAS','0'),('E12401','Almes Entre Jacinto Verdaguer I Eusebi Estada','ESPIRAS','0'),('E12402','Almes Entre Jacinto Verdaguer I Eusebi Estada','ESPIRAS','0'),('E12403','Almes Entre Jacinto Verdaguer I Eusebi Estada','ESPIRAS','0'),('E12404','Almes Entre Jacinto Verdaguer I Eusebi Estada','ESPIRAS','0'),('E12501','Ebi Estada Entre Balmes I Gaspar Bennassar','ESPIRAS','0'),('E12502','Ebi Estada Entre Balmes I Gaspar Bennassar','ESPIRAS','0'),('E12503','Gaspar Bennassar Entre Archiduque I Eusebi Estada','ESPIRAS','0'),('E12504','Gaspar Bennassar Entre Archiduque I Eusebi Estada','ESPIRAS','0'),('E12701','Tunel Corte Ingles Sortida Nuredduna','ESPIRAS','0'),('E12702','Tunel Corte Ingles Sortida Arago','ESPIRAS','0'),('E12805','Capita Salom Entre Conservatori I Pere Caffaro','ESPIRAS','0'),('E12806','Capita Salom Entre Conservatori I Pere Caffaro','ESPIRAS','0'),('E12901','Avingudes Entre Perez Galdos I Escola Graduada','ESPIRAS','0'),('E12902','Avingudes Entre Perez Galdos I Escola Graduada','ESPIRAS','0'),('E12903','Avingudes Entre Perez Galdos I Escola Graduada','ESPIRAS','0'),('E13001','Via Asima Entre Rotonda De Son Castello I Gremi Ferrers','ESPIRAS','0'),('E13002','Via Asima Entre Rotonda De Son Castello I Gremi Ferrers','ESPIRAS','0'),('E13201','Via Asima Entre Gremi Fusters I Gremi Boters','ESPIRAS','0'),('E13202','Via Asima Entre Gremi Fusters I Gremi Boters','ESPIRAS','0'),('E13203','Via Asima Entre Gremi Fusters I Gremi Boters Gir Esquerra','ESPIRAS','0'),('E13204','Via Asima Entre Gremi Boters I Gremi Fusters','ESPIRAS','0'),('E13205','Via Asima Entre Gremi Boters I Gremi Fusters','ESPIRAS','0'),('E13501','Via Asima Entre Cami Dels Reis I Gremi Forners','ESPIRAS','0'),('E13502','Via Asima Entre Cami Dels Reis I Gremi Forners','ESPIRAS','0'),('E13601','Pere Caffaro','ESPIRAS','0'),('E13701','Sant Vicenç De Paül Entre Carretera De Valldemossa I Carretera De Soller','ESPIRAS','0'),('E13702','Carretera De Soller Entre Preso I Sant Vicenç De Paül','ESPIRAS','0'),('E13703','Carretera De Soller Entre Preso I Sant Vicenç De Paül','ESPIRAS','0'),('E13704','Carretera De Soller Entre Pere Caffaro I Sant Vicenç De Paül','ESPIRAS','0'),('E13705','Carretera De Soller Entre Pere Caffaro I Sant Vicenç De Paül','ESPIRAS','0'),('E13801','Jacinto Verdaguer Entre Balmes I Gaspar Bennassar','ESPIRAS','0'),('E13802','Jacinto Verdaguer Entre Balmes I Gaspar Bennassar','ESPIRAS','0'),('E14002','Jacinto Verdaguer Entre Henri Dunant I Gaspar Bennassar','ESPIRAS','0'),('E14003','Jacinto Verdaguer Entre Gaspar Bennassar I Henri Dunant','ESPIRAS','0'),('E14004','Jacinto Verdaguer Entre Gaspar Bennassar I Henri Dunant','ESPIRAS','0'),('E14005','Jacinto Verdaguer Entre Gaspar Bennassar I Balmes','ESPIRAS','0'),('E14101','Jacinto Verdaguer Entre Balmes I Gabriel Maura','ESPIRAS','0'),('E14102','Jacinto Verdaguer Entre Gabriel Maura I Balmes','ESPIRAS','0'),('E20004','Emili Darder','ESPIRAS','0'),('E20201','Ramon Cajal Entre Avingudes I Ruiz De Alda','ESPIRAS','0'),('E20202','Ramon Cajal Entre Avingudes I Ruiz De Alda','ESPIRAS','0'),('E20203','Ramon Cajal Entre Avingudes I Ruiz De Alda','ESPIRAS','0'),('E20301','Psg. Mallorca Entre Ruiz De Alda I Avingudes','ESPIRAS','0'),('E20302','Psg. Mallorca Entre Ruiz De Alda I Avingudes','ESPIRAS','0'),('E20303','Psg. Mallorca Entre Ruiz De Alda I Avingudes','ESPIRAS','0'),('E20501','Avingudes Entre Via Roma I Psg. Mallorca','ESPIRAS','0'),('E20502','Avingudes Entre Via Roma I Psg. Mallorca','ESPIRAS','0'),('E20503','Avingudes Entre Via Roma I Psg. Mallorca','ESPIRAS','0'),('E20504','Avingudes Entre Via Roma I Psg. Mallorca','ESPIRAS','0'),('E20505','Avingudes Entre Via Roma I Psg. Mallorca Gir Esquerra','ESPIRAS','0'),('E20506','Avingudes Entre Via Roma I Psg. Mallorca Gir Esquerra','ESPIRAS','0'),('E20701','Baro De Pinopar Entre Rambles I Avingudes','ESPIRAS','0'),('E20702','Baro De Pinopar Entre Rambles I Avingudes','ESPIRAS','0'),('E20703','Rambles Direccio Baro De Pinopar','ESPIRAS','0'),('E20704','Rambles Direccio Baro De Pinopar','ESPIRAS','0'),('E20801','Avd. Alemanya Direccio Pl. Forti','ESPIRAS','0'),('E20802','Avd. Alemanya Direccio Pl. Forti','ESPIRAS','0'),('E20803','Avd. Alemanya Direccio Pl. Forti','ESPIRAS','0'),('E20804','Avd. Alemanya Direccio Pl. Forti','ESPIRAS','0'),('E20901','Avingudes Entre Baron De Pinopar I General Riera','ESPIRAS','0'),('E20902','Avingudes Entre Baron De Pinopar I General Riera','ESPIRAS','0'),('E20903','Avingudes Entre Baron De Pinopar I General Riera','ESPIRAS','0'),('E20904','Tunel Avingudes Entrada','ESPIRAS','0'),('E20905','Tunel Avingudes Entrada','ESPIRAS','0'),('E20906','General Riera Entre Ausias March I Avingudes','ESPIRAS','0'),('E20907','General Riera Entre Ausias March I Avingudes','ESPIRAS','0'),('E20908','General Riera Entre Ausias March I Avingudes','ESPIRAS','0'),('E21002','Rafael Rodriguez Mendez','ESPIRAS','0'),('E21003','Rafael Rodriguez Mendez','ESPIRAS','0'),('E21004','Rafael Rodriguez Mendez','ESPIRAS','0'),('E21005','Av. Argentina Entre Pl. Madrid I Ramon Y Cajal','ESPIRAS','0'),('E21006','Av. Argentina Entre Pl. Madrid I Ramon Y Cajal','ESPIRAS','0'),('E21007','Av. Argentina Entre Pl. Madrid I Ramon Y Cajal','ESPIRAS','0'),('E21101','Pascual Ribot Entre Niceto Alcala I Zamora I Emili Darder','ESPIRAS','0'),('E21102','Pascual Ribot Entre Niceto Alcala I Zamora I Emili Darder','ESPIRAS','0'),('E21103','Pascual Ribot Entre Niceto Alcala I Zamora I Emili Darder','ESPIRAS','0'),('E21201','Joan Crespi Entre Villalonga I Llibertat','ESPIRAS','0'),('E21202','Industria','ESPIRAS','0'),('E21203','Industria','ESPIRAS','0'),('E21204','Niceto Alcala Zamora Entre Pascual Ribot I Llibertat','ESPIRAS','0'),('E21205','Niceto Alcala Zamora Entre Pascual Ribot I Llibertat','ESPIRAS','0'),('E21301','Sant Ferran Entre Francesc Marti I Mora I Pascual Ribot','ESPIRAS','0'),('E21302','Sant Ferran Entre Francesc Marti I Mora I Pascual Ribot','ESPIRAS','0'),('E21303','Pascual Ribot Entre Mercadona I Sant Ferran','ESPIRAS','0'),('E21304','Pascual Ribot Entre Mercadona I Sant Ferran','ESPIRAS','0'),('E21401','Andreu Torrens Entre Francesc Marti I Mora I Pascual Ribot','ESPIRAS','0'),('E21402','Andreu Torrens Entre Francesc Marti I Mora I Pascual Ribot','ESPIRAS','0'),('E21502','Miquel Dels Sants I Oliver Entre Pau Pi Ferrer I Andreu Torrens','ESPIRAS','0'),('E21503','Miquel Dels Sants I Oliver Entre Pau Pi Ferrer I Andreu Torrens','ESPIRAS','0'),('E21504','Pau Pi Ferrer','ESPIRAS','0'),('E21505','Pau Pi Ferrer','ESPIRAS','0'),('E21601','Andreu Torrens Entre Miquel Dels Sants I Oliver I Cami De Jesus','ESPIRAS','0'),('E21602','Andreu Torrens Entre Miquel Dels Sants I Oliver I Cami De Jesus','ESPIRAS','0'),('E21603','Andreu Torrens Entre Miquel Dels Sants I Oliver I Cami De Jesus','ESPIRAS','0'),('E21604','Andreu Torrens Entre Estadi Lluis Sitjar I Francesc Marti I Mora','ESPIRAS','0'),('E21605','Balanguera','ESPIRAS','0'),('E21606','Balanguera','ESPIRAS','0'),('E21607','Balanguera Gir Esquerra','ESPIRAS','0'),('E21701','Cami De Jesus Entre Avingudes I Joan Alemany I Vich','ESPIRAS','0'),('E21702','Cami De Jesus Entre Avingudes I Joan Alemany I Vich','ESPIRAS','0'),('E21703','Andreu Torrens Entre Cami De Jesus I Miquel Dels Sants I Oliver','ESPIRAS','0'),('E21704','Andreu Torrens Entre Cami De Jesus I Miquel Dels Sants I Oliver','ESPIRAS','0'),('E21705','Andreu Torrens Entre Cami De Jesus I Miquel Dels Sants I Oliver','ESPIRAS','0'),('E21706','Cami De Jesus Entre Cementiri I Jose Alemany I Vich','ESPIRAS','0'),('E21707','Cami De Jesus Entre Cementiri I Jose Alemany I Vich','ESPIRAS','0'),('E21901','General Riera Entre Ausias March I Joan Massanet I Moragues','ESPIRAS','0'),('E21902','General Riera Entre Ausias March I Joan Massanet I Moragues','ESPIRAS','0'),('E21903','Ausias March','ESPIRAS','0'),('E21904','Ausias March','ESPIRAS','0'),('E21905','Ausias March','ESPIRAS','0'),('E22001','General Riera Entre Anselm Turmeda I Jose Alemany I Vich','ESPIRAS','0'),('E22002','General Riera Entre Anselm Turmeda I Jose Alemany I Vich','ESPIRAS','0'),('E22003','Anselm Turmeda','ESPIRAS','0'),('E22004','Anselm Turmeda','ESPIRAS','0'),('E22005','Anselm Turmeda','ESPIRAS','0'),('E22101','General Riera Entre Alferez Llobera Estrades I Guillem Forteza','ESPIRAS','0'),('E22102','General Riera Entre Alferez Llobera Estrades I Guillem Forteza','ESPIRAS','0'),('E22104','Uruguai Entre Cementiri I General Riera','ESPIRAS','0'),('E22105','Uruguai Entre Cementiri I General Riera','ESPIRAS','0'),('E22201','General Riera Entre Felip Ii I Uruguai','ESPIRAS','0'),('E22202','General Riera Entre Felip Ii I Uruguai','ESPIRAS','0'),('E22301','Guillem Forteza Entre Colliure I Carretera De Valldemossa','ESPIRAS','0'),('E22302','Guillem Forteza Entre G. Riera I Camp Redó','ESPIRAS','0'),('E22303','Guillem Forteza Entre Colliure I General Riera','ESPIRAS','0'),('E22403','Miquel Arcas Entre Capita Salom I Carretera','ESPIRAS','0'),('E22404','Miquel Arcas Entre Capita Salom I Carretera','ESPIRAS','0'),('E22405','Miquel Arcas Entre Capita Salom I Carretera','ESPIRAS','0'),('E22406','Carretera De Valldemossa Entre Sant Vicenç De Paül I Guillem Forteza','ESPIRAS','0'),('E22407','Carretera De Valldemossa Entre Sant Vicenç De Paül I Guillem Forteza','ESPIRAS','0'),('E22701','Carretera De Valldemossa Entre Sant Vicenç De Paül I Ocimax','ESPIRAS','0'),('E22702','Carretera De Valldemossa Entre Sant Vicenç De Paül I Ocimax','ESPIRAS','0'),('E22703','Carretera De Valldemossa Entre Ocimax I Sant Vicenç De Paül','ESPIRAS','0'),('E22704','Carretera De Valldemossa Entre Ocimax I Sant Vicenç De Paül','ESPIRAS','0'),('E30001','Espartero Entre Pl. Progres I Pl. Pont','ESPIRAS','0'),('E30002','Espartero Entre Pl. Progres I Pl. Pont','ESPIRAS','0'),('E30003','Espartero Entre Pl. Pont I Pl. Progres','ESPIRAS','0'),('E30004','Espartero Entre Pl. Pont I Pl. Progres','ESPIRAS','0'),('E30201','Comte De Barcelona Entre Caro I Pl. Progres','ESPIRAS','0'),('E30202','Comte De Barcelona Entre Caro I Pl. Progres','ESPIRAS','0'),('E30203','Caro Entre Joan Crespi I Comte De Barcelona','ESPIRAS','0'),('E30204','Caro Entre Joan Crespi I Comte De Barcelona','ESPIRAS','0'),('E30301','Comte De Barcelona Entre Avinguda Argentina I Industria','ESPIRAS','0'),('E30302','Comte De Barcelona Entre Avinguda Argentina I Industria','ESPIRAS','0'),('E30303','Avinguda Argentina Entre Ruiz De Alda Industria','ESPIRAS','0'),('E30304','Avinguda Argentina Entre Ruiz De Alda Industria','ESPIRAS','0'),('E30305','Avinguda Argentina Entre Ruiz De Alda Industria','ESPIRAS','0'),('E30501','Avinguda Argentina Entre Caro I Psg. Maritim','ESPIRAS','0'),('E30502','Avinguda Argentina Entre Caro I Psg. Maritim','ESPIRAS','0'),('E30503','Avinguda Argentina Entre Caro I Psg. Maritim','ESPIRAS','0'),('E30504','Caro Entre Comte De Barcelona I Avinguda Argentina','ESPIRAS','0'),('E30505','Caro Entre Comte De Barcelona I Avinguda Argentina','ESPIRAS','0'),('E30601','Psg. Mallorca Entre La Faixina I Teodoro Llorente Gir Dreta','ESPIRAS','0'),('E30602','Psg. Mallorca Entre La Faixina I Teodoro Llorente','ESPIRAS','0'),('E30603','Psg. Mallorca Entre La Faixina I Teodoro Llorente','ESPIRAS','0'),('E30604','Psg. Mallorca Entre La Faixina I Teodoro Llorente','ESPIRAS','0'),('E30605','Psg. Mallorca Entre La Faixina I Teodoro Llorente','ESPIRAS','0'),('E30606','Catalunya','ESPIRAS','0'),('E30607','Catalunya','ESPIRAS','0'),('E30608','Catalunya','ESPIRAS','0'),('E30801','Psg. Mallorca Entre Avingudes I Jaume Iii','ESPIRAS','0'),('E30802','Psg. Mallorca Entre Avingudes I Jaume Iii','ESPIRAS','0'),('E30901','Jaume Iii Entre Protectora I Born Gir Dreta','ESPIRAS','0'),('E30902','Jaume Iii Entre Protectora I Born','ESPIRAS','0'),('E30903','Protectora','ESPIRAS','0'),('E30904','Jaume Iii Entre Protectora I Psg. Mallorca','ESPIRAS','0'),('E31001','Unio Entre Teatre I Born','ESPIRAS','0'),('E31002','Born Entre Joan Carles I I Pl. Reina','ESPIRAS','0'),('E31101','Andrea Doria Entre Frai Junipero Serra I Pl. Pont','ESPIRAS','0'),('E31102','Bartomeu Rossello Porcel Entre Son Espanyolet I Andrea Doria','ESPIRAS','0'),('E31103','Andrea Doria Entre Frai Junipero Serra I Son Dureta','ESPIRAS','0'),('E31104','Andrea Doria Entre Son Dureta I Frai Junipero Serra','ESPIRAS','0'),('E31105','Frai Junipero Serra Entre Alferez Cerda I Andrea Doria','ESPIRAS','0'),('E31201','Son Armadams','ESPIRAS','0'),('E31202','Avinguda Picasso','ESPIRAS','0'),('E31203','Andrea Doria- Son Dureta Direccio Centre','ESPIRAS','0'),('E31302','Dragonera Entre Sant Ferran I Company','ESPIRAS','0'),('E31303','Dragonera Entre Sant Ferran I Company','ESPIRAS','0'),('E31304','Dragonera Direccio Centre','ESPIRAS','0'),('E31305','Dragonera Direccio Centre','ESPIRAS','0'),('E31402','Frai Junipero Serra Entre Alferez Cerda I Joan Miro','ESPIRAS','0'),('E31601','Joan Miro Entre Gomila I Federico Garcia Lorca','ESPIRAS','0'),('E31602','Joan Miro Entre Federico Garcia Lorca I Gomila','ESPIRAS','0'),('E40001','P.Maritim Entre Monsenyor Palmer I Av Argentina','ESPIRAS','0'),('E40002','P.Maritim Entre Monsenyor Palmer I Av Argentina','ESPIRAS','0'),('E40003','P.Maritim Entre Monsenyor Palmer I Av Argentina Gir Esquerra','ESPIRAS','0'),('E40004','P.Maritim Entre Monseyor Palmer I Auditorium','ESPIRAS','0'),('E40005','P.Maritim Entre Monseyor Palmer I Auditorium','ESPIRAS','0'),('E40006','P.Maritim Entre Monseyor Palmer I Auditorium','ESPIRAS','0'),('E40007','Monsenyor Palmer Entre Psg. Maritim I Pl. Pont','ESPIRAS','0'),('E40101','P. Maritim Entre Av Argentina I Monsenyor Palmer Gir Dreta','ESPIRAS','0'),('E40102','P.Maritim Entre Av. Argentina I Monseyor Palmer','ESPIRAS','0'),('E40103','P.Maritim Entre Av. Argentina I Monseyor Palmer','ESPIRAS','0'),('E40104','P.Maritim Entre Av. Argentina I Monseyor Palmer','ESPIRAS','0'),('E40105','P.Maritim Entrr Mollet I Av. Argentina','ESPIRAS','0'),('E40106','P.Maritim Entrr Mollet I Av. Argentina','ESPIRAS','0'),('E40107','P.Maritim Entrr Mollet I Av. Argentina','ESPIRAS','0'),('E40202','P. Maritim Entre Mollet I Llotja','ESPIRAS','0'),('E40203','P. Maritim Entre Mollet I Llotja','ESPIRAS','0'),('E40204','P. Maritim Entre Mollet I Llotja','ESPIRAS','0'),('E40403','Aduanes Gir Antoni Maura','ESPIRAS','0'),('E40404','Aduanes Direccio Porto Pi Passat Semafor','ESPIRAS','0'),('E40405','Aduanes Direccio Porto Pi Passat Semafor','ESPIRAS','0'),('E40406','Aduanes Direccio Porto Pi Passat Semafor','ESPIRAS','0'),('E40407','Aduanes Porto Pi','ESPIRAS','0'),('E40408','Aduanes Porto Pi','ESPIRAS','0'),('E40409','Aduanes Porto Pi','ESPIRAS','0'),('E40410','Aduanes Gir Moll Vell','ESPIRAS','0'),('E40501','Born Entre Pl. Reina I Joan Carles I','ESPIRAS','0'),('E40602','Costa Des Gas Entre Autovia I Porta Des Camp','ESPIRAS','0'),('E40603','Costa Des Gas Entre Autovia I Porta Des Camp','ESPIRAS','0'),('E40604','Costa Des Gas Entre Autovia I Porta Des Camp','ESPIRAS','0'),('E40605','Adolfo Suarez Entre Costa Del Gas I Aduanes','ESPIRAS','0'),('E40606','Adolfo Suarez Entre Costa Del Gas I Aduanes','ESPIRAS','0'),('E40607','Adolfo Suarez - Gir Escollera','ESPIRAS','0'),('E40608','Autovia Entre Manuel Azaña I Costa Des Gas Gir Dreta','ESPIRAS','0'),('E40703','Adolfo Suarez Entre Manuel Azaña I Costa Del Gas','ESPIRAS','0'),('E40704','Adolfo Suarez Entre Manuel Azaña I Costa Del Gas','ESPIRAS','0'),('E40705','Adolfo Suarez Entre Manuel Azaña I Costa Del Gas','ESPIRAS','0'),('E40706','Adolfo Suarez Entre Costa Del Gas I Manuel Azaña','ESPIRAS','0'),('E40707','Adolfo Suarez Entre Costa Del Gas I Manuel Azaña','ESPIRAS','0'),('E40708','Adolfo Suarez Entre Costa Del Gas I Manuel Azaña','ESPIRAS','0'),('E41401','P.Maritim Entre Auditorium I Monsenyor Palmer','ESPIRAS','0'),('E41402','P.Maritim Entre Auditorium I Monsenyor Palmer','ESPIRAS','0'),('E41403','P.Maritim Entre Auditorium I Monsenyor Palmer','ESPIRAS','0'),('E41501','P.Maritim - S´Aigua Dolça Direccio Porto Pi','ESPIRAS','0'),('E41502','P.Maritim - S´Aigua Dolça Direccio Porto Pi','ESPIRAS','0'),('E41503','P.Maritim - S´Aigua Dolça Direccio Porto Pi','ESPIRAS','0'),('E41504','P. Maritim - S´Agua Dolça','ESPIRAS','0'),('E41505','P. Maritim - S´Agua Dolça','ESPIRAS','0'),('E41506','P. Maritim - S´Agua Dolça','ESPIRAS','0'),('E41601','P. Maritim - Pedrera Direccio Porto Pi','ESPIRAS','0'),('E41602','P. Maritim - Pedrera Direccio Porto Pi','ESPIRAS','0'),('E41603','P. Maritim - Pedrera Direccio Porto Pi','ESPIRAS','0'),('E41703','P. Maritim Entre Casa Del Jamon I Can Barbara','ESPIRAS','0'),('E41704','P. Maritim Entre Casa Del Jamon I Can Barbara','ESPIRAS','0'),('E41705','P. Maritim Entre Casa Del Jamon I Can Barbara','ESPIRAS','0'),('E41803','P. Maritim Entre Casa Del Jamon I Porto Pi','ESPIRAS','0'),('E41804','P. Maritim Entre Casa Del Jamon I Porto Pi','ESPIRAS','0'),('E42001','P.Maritim - Porto Pi Direccio Aeroport','ESPIRAS','0'),('E42002','P.Maritim - Porto Pi Direccio Aeroport','ESPIRAS','0'),('E42101','P. Maritim Entre Porto Pi I Casa Del Jamon','ESPIRAS','0'),('E42102','P. Maritim Entre Porto Pi I Casa Del Jamon','ESPIRAS','0'),('E42103','Joan Miro Entre Cala Major I Marivent','ESPIRAS','0'),('E42602','Joan Miro Entre Victorio Luzuriaga I Son Toells','ESPIRAS','0'),('E43101','Cardenal Rossell Direccio Carrefour','ESPIRAS','0'),('E43102','Cami De Can Pastilla','ESPIRAS','0'),('E43201','Cardenal Rossell Direccio Palma','ESPIRAS','0'),('FOT001','Foto Rojo Manacor dirección centro','FOTO ROJO','0'),('JAM','PANEL PLAZAS PARKING PALACIO CONGRESOS','PANEL INFORMATIVO','0'),('NOD10','Nodo Sala','NODO','0'),('NOD20','Nodo General Riera','NODO','0'),('NOD30','Nodo Corte Ingles','NODO','0'),('NOD40','Nodo Aduanas','NODO','0'),('NOD50','Nodo Lavadero','NODO','0'),('NOD60','Nodo Catalunya','NODO','0'),('P601','PANEL INF TRAFICO AUTOVIA','PANEL INFORMATIVO','0'),('P602','PANEL INF TRAFICO C/ ARAGON','PANEL INFORMATIVO','0'),('P603','PANEL INF TRAFICO AVENIDAS','PANEL INFORMATIVO','0'),('P604','PANEL INF TRAFICO P. MALLORCA','PANEL INFORMATIVO','0'),('P606','PANEL PLAZAS PARKING EDIFICIO GESA','PANEL INFORMATIVO','0'),('P607','PANEL PLAZAS PARKING MANACOR - REIS CATOLICS','PANEL INFORMATIVO','0'),('P608','PANEL PLAZAS PARKING AVENIDAS - CORTE INGLES','PANEL INFORMATIVO','0'),('P609','PANEL PLAZAS PARKING ARAGON - CORTE INGLES','PANEL INFORMATIVO','0'),('P610','PANEL PLAZAS PARKING ARAGON - GÜELL','PANEL INFORMATIVO','0'),('P611','PANEL PLAZAS PARKING AVENIDAS - FRENTE CINE AUGUSTA','PANEL INFORMATIVO','0'),('P612','PANEL PLAZAS PARKING 31 DESEMBRE','PANEL INFORMATIVO','0'),('P613','PANEL PLAZAS PARKING FRANCESC SUAU','PANEL INFORMATIVO','0'),('P614','PANEL PLAZAS PARKING COMTE SALLENT','PANEL INFORMATIVO','0'),('P615','PANEL PLAZAS PARKING GENERAL RIERA','PANEL INFORMATIVO','0'),('P616','PANEL PLAZAS PARKING PL. MADRID','PANEL INFORMATIVO','0'),('P617','PANEL PLAZAS PARKING AVENIDAS - VIA ROMA','PANEL INFORMATIVO','0'),('P618','PANEL PLAZAS PARKING PASEO MALLORCA - CERDANYA','PANEL INFORMATIVO','0'),('P619','PANEL PLAZAS PARKING PASEO MARITIMO - HOTEL BELLVER','PANEL INFORMATIVO','0'),('P620','PANEL PLAZAS PARKING PASEO MARITIMO - HARD ROCK CAFÉ','PANEL INFORMATIVO','0'),('P621','PANEL PLAZAS PARKING PASEO MARITIMO - CONTRAMUELLE MOLLET','PANEL INFORMATIVO','0'),('P622','PANEL PLAZAS PARKING PASEO MARITIMO - PARC DE LA MAR','PANEL INFORMATIVO','0'),('RAD0011','Radar Passeig Cristòfor Colom Direcció Andratx','RADAR','0'),('RAD0012','Radar Passeig Cristòfor Colom Direcció Aeroport','RADAR','0'),('RAD0021','Radar Carrer Manacor 99-101 Direcció centre','RADAR','0'),('RAD0022','Radar Carrer Manacor 99-101 Direcció Manacor','RADAR','0'),('RAD0031','Radar Miquel Lladó s/n Direcció centre','RADAR','0'),('RAD0032','Radar Miquel Lladó s/n Direcció Son Vida','RADAR','0'),('SP801','CARDENALL ROSSELL - JOSUE','SEÑALES LUMINOSAS','0'),('SP803','SEÑAL DE PEATONES METGE JOSEP DARDER - BISBE CABANELLES','SEÑALES LUMINOSAS','0'),('SP804','SEÑAL DE PEATONES LIBERTAT - DRAGONERA - MAS','SEÑALES LUMINOSAS','0'),('SP805','SEÑAL CURVA PELIGROSA JOAN RIPOLL TROBAT','SEÑALES LUMINOSAS','0'),('SP806','CAMI JESUS - ALFRED BONET - TESEU VALENTI - COLEGIO LUIS VIVES','SEÑALES LUMINOSAS','0'),('SP807','MARE DE DEU DE MONSERRAT - JUAN RAMON JIMENEZ','SEÑALES LUMINOSAS','0'),('SP808','SEÑAL DE PEATONES CAMI DE GENOVA Nº 59','SEÑALES LUMINOSAS','0'),('SP809','SEÑAL DE PEATONES CALLE LLUCMAJOR ENTRE C/ CALA Y C/ GRUTA','SEÑALES LUMINOSAS','0'),('SP810','SEÑAL DE PEATONES EN AVD. SANT FERRAN- MARTÍ BONEO','SEÑALES LUMINOSAS','0'),('SP811','SEÑAL DE PEATONES JOAN MIRO Nº 78 ESQUINA CON REIAL PATRIMONI','SEÑALES LUMINOSAS','0'),('SP812','SEÑAL DE PEATONES JOAN MIRO 92, ESQUINA CON MENENDEZ PELAYO','SEÑALES LUMINOSAS','0'),('SP813','SEÑAL CEDA EL PASO  EN CARLES RIBA - SAN FRANCISCO DE SALES','SEÑALES LUMINOSAS','0'),('SP814','SEÑAL DE PEATONES MANACOR - VALPARAISO','SEÑALES LUMINOSAS','0'),('SP815','SEÑAL DE PEATONES MANACOR - PATRONAT OBRER','SEÑALES LUMINOSAS','0'),('SP816','SEÑAL DE PEATONES JOAN MIRO Nº 332','SEÑALES LUMINOSAS','0'),('SP817','SEÑAL PEATONES SANTIAGO ALVAREZ AVELLAN - EDUARDO URGORRI','SEÑALES LUMINOSAS','0'),('SP818','PROTECCIÓN INTERMITENTE PL. COMTAT DEL ROSSELLO - ANSELM CLAVÉ','SEÑALES LUMINOSAS','0'),('SP819','UNIO - CAPUTXINES - PLÇ. MERCAT','SEÑALES LUMINOSAS','0'),('SP820','MANACOR - FE - REINA MARIA DE MONTPELLER','SEÑALES LUMINOSAS','0'),('SP821','BALANGUERA FRENTE Nº 18','SEÑALES LUMINOSAS','0'),('SP822','SEÑAL PEATONES C/ MANACOR - BEATRIZ DE PINOS','SEÑALES LUMINOSAS','0'),('SP823','SEÑAL PEATONES C/ MANACOR - TORRE D´EN BIBILONI ( ANTIGUO CAP. CORTES)','SEÑALES LUMINOSAS','0'),('SP824','SON ESPANYOLET - COMPANY','SEÑALES LUMINOSAS','0'),('SP825','SEÑAL DE PEATONES MANACOR - FREDERIC MISTRAL','SEÑALES LUMINOSAS','0'),('SP826','CALLE LLUCMAJOR - SON FLEIXES','SEÑALES LUMINOSAS','0'),('SP827','BINIAMAR - ESCORCA','SEÑALES LUMINOSAS','0'),('SP828','MARBELLA - GRUA','SEÑALES LUMINOSAS','0'),('SP829','LEOCADIA DE TOGORES - BEGONIA - OCIMAX','SEÑALES LUMINOSAS','0'),('SP830','TOMAS RULLAN-SANT IGNASI','SEÑALES LUMINOSAS','0'),('SP831','CAMÍ DE LA VILETA - SARAGOSSA','SEÑALES LUMINOSAS','0'),('SP832','CAMI DE GENOVA Nº 37','SEÑALES LUMINOSAS','0'),('SP833','FRANCESC MARTÍ MORA - MIQUEL GAIETÀ SOLER - MONT LUERI','SEÑALES LUMINOSAS','0'),('SP834','CAMI SALARD - SELVA','SEÑALES LUMINOSAS','0'),('SP835','VIA ASIMA - GREMI DE TEIXIDORS','SEÑALES LUMINOSAS','0'),('SP836','CAMÍ NOU FRENTE CALA MURADA Nº 19','SEÑALES LUMINOSAS','0'),('SP837','MARIA ANTONIA SALVA - AVET','SEÑALES LUMINOSAS','0'),('SP838','MANUEL AZAÑA - JERONI POU','SEÑALES LUMINOSAS','0'),('SP839','JESUS Nº 38 - PARC DE SA RIERA','SEÑALES LUMINOSAS','0'),('SP840','POMPEU FABRA CON ANGEL GUIMERA','SEÑALES LUMINOSAS','0'),('SP841','POMPEU FABRA CON MAGDALENA BONET I FABREGUES','SEÑALES LUMINOSAS','0'),('SP842','JOAN ALCOVER - JERONI POU','SEÑALES LUMINOSAS','0'),('SP843','ARAGO Nº 279 (MEDIANA) - CAMI DE MAYOL','SEÑALES LUMINOSAS','0'),('SP844','OCTAVI AUGUST - CLAUDI','SEÑALES LUMINOSAS','0'),('SP845','TRAMUNTANA - DOFI','SEÑALES LUMINOSAS','0'),('SP846','CAMI DELS REIS -  SEVILLA','SEÑALES LUMINOSAS','0'),('SP847','CAMI DELS REIS - CAMI DE LA REAL','SEÑALES LUMINOSAS','0'),('SP848','SANT VICENÇ DE PAUL - ORQUIDIA','SEÑALES LUMINOSAS','0'),('SP849','BARRANQUILLA - MARIO BENEDETTI','SEÑALES LUMINOSAS','0'),('SP850','MIQUEL DELS SANTS OLIVER - BERNAT AMER','SEÑALES LUMINOSAS','0'),('SP851','FRANCESC MARTÍ MORA - SAGASTA','SEÑALES LUMINOSAS','0'),('SP852','Llaut - Pare Bartomeu Salva','SEÑALES LUMINOSAS','0'),('SP853','Bisbe Pere de Puigdorfila - Magnolia','SEÑALES LUMINOSAS','0'),('SP854','Bisbe Pere de Puigdorfila - Gardenia','SEÑALES LUMINOSAS','0'),('SP855','Bisbe Pere de  Puigdorfila - Orquidea','SEÑALES LUMINOSAS','0'),('SP856','Gremi Sucrers i Candelers - Via Asima','SEÑALES LUMINOSAS','0'),('TV 017','TUNEL CORTE INGLES','CÁMARAS','0'),('TV 030','TUNEL G. RIERA','CÁMARAS','0'),('TV 032','FONT I MONTEROS','CÁMARAS','0'),('TV 034','SINDICAT','CÁMARAS','0'),('TV 040','CONSELL','CÁMARAS','0'),('TV 051','GRABADORS','CÁMARAS','0'),('TV 059','BLANQUERNA','CÁMARAS','0'),('TV 065','SANTIAGO RUSSINYOL','CÁMARAS','0'),('TV 067','JOSEP ANSELM CALVÉ','CÁMARAS','0'),('TV 101','Passeig Maritim - Lavadero','CÁMARAS','0'),('TV 102','Passeig Maritim - Aduanes','CÁMARAS','0'),('TV 103 ','Autovia Llevant - catedral','CÁMARAS','0'),('TV 104 ','Costa d´es gas - Adolfo Suárez','CÁMARAS','0'),('TV 105','AVDS. CENTER','CÁMARAS','0'),('TV 106','AVDS. MANACOR','CÁMARAS','0'),('TV 107','AVDS. CORTE INGLES','CÁMARAS','0'),('TV 108','ENRIC ALZAMORA','CÁMARAS','0'),('TV 109','BISBE PERELLO','CÁMARAS','0'),('TV 110','PLAÇA D´ESPANYA','CÁMARAS','0'),('TV 111','AVDS. 31 DE DESEMBRE','CÁMARAS','0'),('TV 112','AVDS. G. RIERA','CÁMARAS','0'),('TV 113','BARÓ DE PINOPAR','CÁMARAS','0'),('TV 114','AVDS. VIA ROMA','CÁMARAS','0'),('TV 115','PL. FORTÍ','CÁMARAS','0'),('TV 116','CATALUÑA','CÁMARAS','0'),('TV 117','PL. JOAN CARLES I','CÁMARAS','0'),('TV 118','PL. REINA','CÁMARAS','0'),('TV 119','AUTOVIA - MANUEL AZAÑA','CÁMARAS','0'),('TV 120','AUTOVIA - PORTITXOL','CÁMARAS','0'),('TV 121','MANACOR - MANUEL AZAÑA','CÁMARAS','0'),('TV 122','MANACOR - REIS CATÒLICS','CÁMARAS','0'),('TV 123','PLAÇA MIQUEL DOLÇ','CÁMARAS','0'),('TV 124','GUELL','CÁMARAS','0'),('TV 125','ARAGÓ - G.MAURA','CÁMARAS','0'),('TV 126','ARAGÓ - VIA CINTURA','CÁMARAS','0'),('TV 127','ARAGÓ - TER','CÁMARAS','0'),('TV 128','ARAGÓ - VERGE DE LLUCH','CÁMARAS','0'),('TV 129','MARRATXÍ - C/ CABANA','CÁMARAS','0'),('TV 130','E.ESTADA - FRANCESC SANCHO','CÁMARAS','0'),('TV 131','PLAZA ABU YAHYA','CÁMARAS','0'),('TV 132','PL. FLEMING','CÁMARAS','0'),('TV 133','ALFONS EL MAGNÀNIM','CÁMARAS','0'),('TV 134','SOLLER - CONSERVATORI','CÁMARAS','0'),('TV 135','MIGUEL ARCAS - CTRA.VALLDEMOSSA','CÁMARAS','0'),('TV 136','G.RIERA - URUGUAI','CÁMARAS','0'),('TV 137','G.RIERA - A.MARCH','CÁMARAS','0'),('TV 138','CAMÍ DE JESÚS - A.TORRENS','CÁMARAS','0'),('TV 139','CALA MAJOR - GAVINA','CÁMARAS','0'),('TV 140','PORTO PÍ','CÁMARAS','0'),('TV 141','CASA DEL JAMÓN','CÁMARAS','0'),('TV 142','P.MARÍTIM - TITOS','CÁMARAS','0'),('TV 143','AUDITORIUM - PORTO PÍ','CÁMARAS','0'),('TV 144','AUDITORIUM - AEROPUERTO','CÁMARAS','0'),('TV 145','PLAÇA PONT','CÁMARAS','0'),('TV 146','BALMES - J.VERDAGUER','CÁMARAS','0'),('TV 147','CONCÒRDIA','CÁMARAS','0'),('TV 148','E. ESTADA - TOMAS LUIS DE VICTORIA','CÁMARAS','0'),('TV 149','SON HUGO','CÁMARAS','0'),('TV 156','ARAGÓ - CAMI CAN MALLOL','CÁMARAS','0'),('TV 157','PLAÇA MADRID','CÁMARAS','0'),('TV 158','CARO - COMPTE DE BARCELONA','CÁMARAS','0'),('TV 159','SON RAPINYA','CÁMARAS','0'),('TV 160','SANT FERRAN - LLIBERTAT','CÁMARAS','0'),('TV 161','SON FUSTER','CÁMARAS','0'),('TV 162','GRAN VIA ASIMA - CAMI VELL DE BUNYOLA','CÁMARAS','0'),('TV 163','GRAN VIA ASIMA - CAMI DELS REIS','CÁMARAS','0'),('TV 164','GREMI SABATERS - GREMI BONETERS','CÁMARAS','0'),('TV 165','SON ESPANYOLET','CÁMARAS','0'),('TV 166','GENOVA','CÁMARAS','0'),('TV 167','CIDE','CÁMARAS','0'),('TV 168','LA VILETA','CÁMARAS','0'),('TV 169','ANDREA DORIA - AV. PICASSO','CÁMARAS','0'),('TV 170','CARDENAL ROSSEL - CAMÍ CA´N PASTILLA','CÁMARAS','0'),('TV 171','OCTAVIO AUGUSTO - CAMÍ CAN PASTILLA','CÁMARAS','0'),('TV 172','TRAMUNTANA - XABEC','CÁMARAS','0'),('TV 173','SON ANTIQUET - C. LLUCMAJOR','CÁMARAS','0'),('TV 174','JOAN MARAGALL - LLUCMAJOR','CÁMARAS','0'),('TV 175','COSTA I LLOBERA - AVDS.','CÁMARAS','0'),('TV 176','AVDS. - ESCOLA GRADUADA','CÁMARAS','0'),('TV 177','MANACOR - BARCELO I COMBIS','CÁMARAS','0'),('TV 179','SANT VICENÇ DE PAUL - CRTA. VALLDEMOSSA','CÁMARAS','0'),('TV 180','CRTA. SOLLER - HIPÓDROMO','CÁMARAS','0'),('TV 181','G.BENNAZAR - EUSEBIO ESTADA','CÁMARAS','0'),('TV 182','BISBE BERNAT NADAL - G. RIERA','CÁMARAS','0'),('TV 183','JOAN MARAGALL - JOAN ALCOVER','CÁMARAS','0'),('TV 184','RAMON Y CAJAL - AV. ARGENTINA','CÁMARAS','0'),('TV 185','SALVADOR DALI - FRANCESC MARTI MORA','CÁMARAS','0'),('TV WEB 003','BONS AIRES','CÁMARAS','0'),('TV WEB 004','G.RIERA/A.MARCH','CÁMARAS','0'),('TV WEB 006','PONT D´ES TREN','CÁMARAS','0'),('TV WEB 007','GUELL','CÁMARAS','0'),('TV WEB 008','AVINGUDES/ARAGÓ','CÁMARAS','0'),('TV WEB 011','RENTADORS','CÁMARAS','0'),('TV WEB 012','ADUANAS','CÁMARAS','0'),('TV WEB 015','PLAÇA ESPANYA','CÁMARAS','0'),('TV WEB 016','ARAGÓ/V.CINTURA','CÁMARAS','0'),('TV WEB 018','SOLLER/CONSERVATORI','CÁMARAS','0'),('TV WEB 021','AUTOVIA/PORTIXOL','CÁMARAS','0'),('TV WEB 022','MANACOR/REIS CATÓLICS','CÁMARAS','0'),('TV WEB 026','G.RIERA/URUGUAI','CÁMARAS','0'),('TV WEB 028','DRAGONERA/SANT FERRAN','CÁMARAS','0'),('TV WEB 029','JOAN CARLES I','CÁMARAS','0'),('TV WEB 039','PORTO PI','CÁMARAS','0'),('TV WEB 048','POLÍGON/CAMÍ BUNYOLA','CÁMARAS','0'),('TV WEB 058','SON RAPINYA','CÁMARAS','0'),('TV WEB 100','PLAÇA MADRID','CÁMARAS','0'),('TV WEB 103','BONS AIRES','CÁMARAS','0'),('TV WEB 108','AVINGUDES/ARAGÓ','CÁMARAS','0'),('TV WEB 112','ADUANAS','CÁMARAS','0'),('TV WEB 115','PLAÇA ESPANYA','CÁMARAS','0'),('TV WEB 203','BONS AIRES','CÁMARAS','0'),('TV WEB 208','AVINGUDES/ARAGÓ','CÁMARAS','0'),('TV WEB 226','P. MALLORCA - JAUME  III','CÁMARAS','0'),('TV WEB 227','PL. PONT','CÁMARAS','0'),('TV WEB 228','AUTOVIA CATEDRAL > ANDRATX','CÁMARAS','0'),('TV WEB 229','COSTA DES GAS > ANDRATX','CÁMARAS','0'),('TV WEB 230','COSTA DES GAS > AEROPORT','CÁMARAS','0'),('TV WEB 231','MANUEL AZAÑA - MANACOR','CÁMARAS','0'),('TV WEB 232','EUSEBI ESTADA - TOMÀS DE VILLANUEVA','CÁMARAS','0'),('TV WEB 233','SON FUSTER > CENTRE','CÁMARAS','0'),('TV WEB 234','SON FUSTER > SON CASTELLÓ','CÁMARAS','0'),('TV WEB 235','PL. FORTÍ','CÁMARAS','0');
/*!40000 ALTER TABLE `instalaciones` ENABLE KEYS */;
UNLOCK TABLES;

--
-- Table structure for table `inventario`
--

DROP TABLE IF EXISTS `inventario`;
/*!40101 SET @saved_cs_client     = @@character_set_client */;
/*!50503 SET character_set_client = utf8mb4 */;
CREATE TABLE `inventario` (
  `id` int(10) unsigned NOT NULL AUTO_INCREMENT,
  `idInstalacion` varchar(255) DEFAULT NULL,
  `idRegulador` int(11) DEFAULT NULL,
  `idCM` int(11) DEFAULT NULL,
  `idUsuario` varchar(250) DEFAULT NULL,
  `watios` decimal(6,2) DEFAULT NULL,
  `plano` varchar(255) DEFAULT NULL,
  `resolucion` varchar(255) DEFAULT NULL,
  `alimentacion` varchar(50) NOT NULL,
  PRIMARY KEY (`id`),
  KEY `idInstalacion` (`idInstalacion`),
  KEY `idUsuario` (`idUsuario`)
) ENGINE=MyISAM AUTO_INCREMENT=3462 DEFAULT CHARSET=utf8;
/*!40101 SET character_set_client = @saved_cs_client */;

--
-- Dumping data for table `inventario`
--

LOCK TABLES `inventario` WRITE;
/*!40000 ALTER TABLE `inventario` DISABLE KEYS */;
INSERT INTO `inventario` VALUES (2,'1',3,62313,'1',1441.37,'link a plano','ok','0'),(3,'2',3,63414,'1',911.36,NULL,NULL,''),(4,'3',6,72802,'1',410.35,NULL,NULL,''),(5,'4',6,62319,'1',650.03,NULL,NULL,''),(6,'5',3,62316,'1',971.05,NULL,NULL,''),(7,'6',6,62306,'1',453.69,NULL,NULL,''),(8,'7',3,62306,'1',756.39,NULL,NULL,''),(9,'8',2,62401,'1',262.02,NULL,NULL,''),(10,'9',6,62306,'1',933.71,NULL,NULL,''),(11,'10',3,62506,'1',1641.05,NULL,NULL,''),(12,'11',3,51907,'1',934.70,NULL,NULL,''),(13,'12',3,62601,'1',1413.05,NULL,NULL,''),(14,'13',2,52120,'1',144.02,NULL,NULL,''),(15,'14',3,51902,'1',1058.04,NULL,NULL,''),(16,'15',3,51902,'1',549.38,NULL,NULL,''),(17,'16',3,51905,'1',998.37,NULL,NULL,''),(18,'17',4,52002,'1',1697.74,NULL,NULL,''),(19,'18',3,62603,'1',511.71,NULL,NULL,''),(20,'19',6,52112,'1',136.02,NULL,NULL,''),(21,'20',3,52112,'1',401.73,NULL,NULL,''),(22,'21',3,113903,'1',868.06,NULL,NULL,''),(23,'22',3,113903,'1',343.38,NULL,NULL,''),(24,'23',3,NULL,'1',1021.39,NULL,NULL,''),(25,'24',3,114207,'1',343.72,NULL,NULL,''),(26,'25',3,114002,'1',431.39,NULL,NULL,''),(27,'26',3,51804,'1',1500.41,NULL,NULL,''),(28,'27',3,114118,'1',720.71,NULL,NULL,''),(29,'28',3,114218,'1',824.06,NULL,NULL,''),(30,'29',3,114118,'1',277.03,NULL,NULL,''),(31,'30',6,114103,'1',490.04,NULL,NULL,''),(32,'31',2,114201,'1',135.69,NULL,NULL,''),(33,'32',6,114306,'1',80.68,NULL,NULL,''),(34,'33',6,NULL,NULL,NULL,NULL,NULL,''),(35,'36',6,NULL,NULL,NULL,NULL,NULL,''),(36,'37',6,51906,'1',684.70,NULL,NULL,''),(37,'38',2,62308,'1',470.00,NULL,NULL,''),(38,'39',2,62306,'1',235.36,NULL,NULL,''),(39,'40',2,52108,'1',716.04,NULL,NULL,''),(40,'41',6,52108,'1',1191.05,NULL,NULL,''),(41,'42',2,51901,'1',1149.08,NULL,NULL,''),(42,'43',2,51710,'1',852.02,NULL,NULL,''),(43,'44',3,62401,'1',247.03,NULL,NULL,''),(44,'45',10,62413,'1',293.03,NULL,NULL,''),(45,'46',6,52002,'1',143.69,NULL,NULL,''),(46,'100',6,52120,'1',128.02,NULL,NULL,''),(47,'101',NULL,10101,'1',NULL,NULL,NULL,'1'),(48,'102',5,NULL,NULL,NULL,NULL,NULL,''),(49,'103',NULL,10204,'1',NULL,NULL,NULL,''),(50,'104',3,NULL,NULL,NULL,NULL,NULL,''),(51,'105',6,0,NULL,NULL,NULL,NULL,''),(52,'106',4,NULL,NULL,NULL,NULL,NULL,''),(53,'107',3,NULL,NULL,NULL,NULL,NULL,''),(54,'108',2,10101,'1',0.00,NULL,NULL,''),(55,'109',6,NULL,NULL,NULL,NULL,NULL,''),(56,'110',3,NULL,NULL,NULL,NULL,NULL,''),(57,'111',3,NULL,NULL,NULL,NULL,NULL,''),(58,'112',3,NULL,NULL,NULL,NULL,NULL,''),(59,'113',3,NULL,NULL,NULL,NULL,NULL,''),(60,'114',3,NULL,NULL,NULL,NULL,NULL,''),(61,'115',2,NULL,NULL,NULL,NULL,NULL,''),(62,'116',3,NULL,NULL,NULL,NULL,NULL,''),(63,'117',6,NULL,NULL,NULL,NULL,NULL,''),(64,'118',3,NULL,NULL,NULL,NULL,NULL,''),(65,'119',3,NULL,NULL,NULL,NULL,NULL,''),(66,'120',3,NULL,NULL,NULL,NULL,NULL,''),(67,'121',6,NULL,NULL,NULL,NULL,NULL,''),(68,'122',6,NULL,NULL,NULL,NULL,NULL,''),(69,'123',5,NULL,NULL,NULL,NULL,NULL,''),(70,'124',5,NULL,NULL,NULL,NULL,NULL,''),(71,'125',5,NULL,NULL,NULL,NULL,NULL,''),(72,'126',3,NULL,NULL,NULL,NULL,NULL,''),(73,'127',2,NULL,NULL,NULL,NULL,NULL,''),(74,'128',6,NULL,NULL,NULL,NULL,NULL,''),(75,'129',3,NULL,NULL,NULL,NULL,NULL,''),(76,'130',3,NULL,NULL,NULL,NULL,NULL,''),(77,'131',3,NULL,NULL,NULL,NULL,NULL,''),(78,'132',3,NULL,NULL,NULL,NULL,NULL,''),(79,'133',3,NULL,NULL,NULL,NULL,NULL,''),(80,'134',2,NULL,NULL,NULL,NULL,NULL,''),(81,'135',3,NULL,NULL,NULL,NULL,NULL,''),(82,'136',6,NULL,NULL,NULL,NULL,NULL,''),(83,'137',3,NULL,NULL,NULL,NULL,NULL,''),(84,'138',3,NULL,NULL,NULL,NULL,NULL,''),(85,'139',6,NULL,NULL,NULL,NULL,NULL,''),(86,'140',3,NULL,NULL,NULL,NULL,NULL,''),(87,'141',2,NULL,NULL,NULL,NULL,NULL,''),(88,'142',2,NULL,NULL,NULL,NULL,NULL,''),(89,'143',6,NULL,NULL,NULL,NULL,NULL,''),(90,'144',3,NULL,NULL,NULL,NULL,NULL,''),(91,'145',3,NULL,NULL,NULL,NULL,NULL,''),(92,'146',3,NULL,NULL,NULL,NULL,NULL,''),(93,'147',2,NULL,NULL,NULL,NULL,NULL,''),(94,'148',3,NULL,NULL,NULL,NULL,NULL,''),(95,'149',2,NULL,NULL,NULL,NULL,NULL,''),(96,'150',3,NULL,NULL,NULL,NULL,NULL,''),(97,'151',2,NULL,NULL,NULL,NULL,NULL,''),(98,'152',2,NULL,NULL,NULL,NULL,NULL,''),(99,'153',3,NULL,NULL,NULL,NULL,NULL,''),(100,'154',3,10508,'1',1001.70,NULL,NULL,''),(101,'155',2,41529,'1',123.34,NULL,NULL,''),(102,'156',5,103610,'1',355.04,NULL,NULL,''),(103,'157',4,10508,'1',733.72,NULL,NULL,''),(104,'158',3,103702,'1',783.04,NULL,NULL,''),(105,'159',6,10604,'1',303.69,NULL,NULL,''),(106,'160',4,51710,'1',1698.06,NULL,NULL,''),(107,'161',3,10504,'1',1644.38,NULL,NULL,''),(108,'162',3,10403,'1',874.03,NULL,NULL,''),(109,'163',6,10403,'1',255.36,NULL,NULL,''),(110,'164',3,10408,'1',980.04,NULL,NULL,''),(111,'200',3,10508,'1',1619.71,NULL,NULL,''),(112,'201',3,NULL,'1',1611.37,NULL,NULL,''),(113,'202',3,NULL,'1',555.72,NULL,NULL,''),(114,'203',3,41531,'1',556.01,NULL,NULL,''),(115,'204',2,41601,'1',845.36,NULL,NULL,''),(116,'205',3,41516,'1',1381.08,NULL,NULL,''),(117,'206',6,41518,'1',736.70,NULL,NULL,''),(118,'207',3,999999971,'1',774.38,NULL,NULL,''),(119,'208',3,41606,'1',996.41,NULL,NULL,''),(120,'209',3,41604,'1',1264.05,NULL,NULL,''),(121,'210',6,103606,'1',1078.70,NULL,NULL,''),(122,'211',6,51905,'1',202.02,NULL,NULL,''),(123,'212',5,41605,'1',722.37,NULL,NULL,''),(124,'213',5,83018,'1',880.37,NULL,NULL,''),(125,'214',5,52005,'1',1228.40,NULL,NULL,''),(126,'215',3,51715,'1',392.02,NULL,NULL,''),(127,'216',2,51710,'1',100.00,NULL,NULL,''),(128,'217',6,93412,'1',548.02,NULL,NULL,''),(129,'219',3,62301,'1',751.37,NULL,NULL,''),(130,'220',3,134914,'1',331.36,NULL,NULL,''),(131,'221',3,134914,'1',293.03,NULL,NULL,''),(132,'222',3,134914,'1',343.03,NULL,NULL,''),(133,'223',3,134917,'1',283.03,NULL,NULL,''),(134,'224',2,134917,'1',116.02,NULL,NULL,''),(135,'225',3,134917,'1',328.03,NULL,NULL,''),(136,'226',6,93412,'1',292.02,NULL,NULL,''),(137,'227',3,93501,'1',588.38,NULL,NULL,''),(138,'228',3,52007,'1',1131.70,NULL,NULL,''),(139,'229',6,134953,'1',163.03,NULL,NULL,''),(140,'230',3,52007,'1',296.70,NULL,NULL,''),(141,'231',2,52007,'1',524.35,NULL,NULL,''),(142,'233',2,134942,'1',173.02,NULL,NULL,''),(143,'234',6,134953,'1',128.02,NULL,NULL,''),(144,'235',3,134924,'1',212.02,NULL,NULL,''),(145,'236',3,134924,'1',164.02,NULL,NULL,''),(146,'237',3,134924,'1',227.02,NULL,NULL,''),(147,'238',2,134918,'1',212.02,NULL,NULL,''),(148,'239',3,134924,'1',179.03,NULL,NULL,''),(149,'240',2,134902,'1',152.02,NULL,NULL,''),(150,'241',3,134918,'1',212.02,NULL,NULL,''),(151,'242',2,51716,'1',65.01,NULL,NULL,''),(152,'243',2,134943,'1',267.34,NULL,NULL,''),(153,'244',3,134905,'1',307.05,NULL,NULL,''),(154,'245',2,134905,'1',199.03,NULL,NULL,''),(155,'246',3,134902,'1',279.03,NULL,NULL,''),(156,'247',3,103610,'1',254.70,NULL,NULL,''),(157,'300',6,134942,'1',151.36,NULL,NULL,''),(158,'301',3,62322,'1',252.37,NULL,NULL,''),(159,'302',6,41526,'1',69.01,NULL,NULL,''),(160,'303',2,103702,'1',443.69,NULL,NULL,''),(161,'304',2,103806,'1',109.69,NULL,NULL,''),(162,'305',2,103806,'1',124.69,NULL,NULL,''),(163,'306',5,103807,'1',0.00,NULL,NULL,''),(164,'307',5,51708,'1',0.00,NULL,NULL,''),(165,'308',2,NULL,NULL,NULL,NULL,NULL,''),(166,'309',2,NULL,NULL,NULL,NULL,NULL,''),(167,'310',4,NULL,NULL,NULL,NULL,NULL,''),(168,'311',3,NULL,NULL,NULL,NULL,NULL,''),(169,'312',3,NULL,NULL,NULL,NULL,NULL,''),(170,'313',6,NULL,NULL,NULL,NULL,NULL,''),(171,'314',3,NULL,NULL,NULL,NULL,NULL,''),(172,'315',2,NULL,NULL,NULL,NULL,NULL,''),(173,'316',2,NULL,NULL,NULL,NULL,NULL,''),(174,'317',6,NULL,NULL,NULL,NULL,NULL,''),(175,'318',6,NULL,NULL,NULL,NULL,NULL,''),(176,'319',3,NULL,NULL,NULL,NULL,NULL,''),(177,'320',2,NULL,NULL,NULL,NULL,NULL,''),(178,'321',3,NULL,NULL,NULL,NULL,NULL,''),(179,'322',3,NULL,NULL,NULL,NULL,NULL,''),(180,'323',3,NULL,NULL,NULL,NULL,NULL,''),(181,'400',3,NULL,NULL,NULL,NULL,NULL,''),(182,'401',4,NULL,NULL,NULL,NULL,NULL,''),(183,'402',6,NULL,NULL,NULL,NULL,NULL,''),(184,'403',6,NULL,NULL,NULL,NULL,NULL,''),(185,'404',4,NULL,NULL,NULL,NULL,NULL,''),(186,'405',3,NULL,NULL,NULL,NULL,NULL,''),(187,'406',3,NULL,NULL,NULL,NULL,NULL,''),(188,'407',2,NULL,NULL,NULL,NULL,NULL,''),(189,'408',6,NULL,NULL,NULL,NULL,NULL,''),(190,'409',2,NULL,NULL,NULL,NULL,NULL,''),(191,'410',2,NULL,NULL,NULL,NULL,NULL,''),(192,'411',2,NULL,NULL,NULL,NULL,NULL,''),(193,'412',2,NULL,NULL,NULL,NULL,NULL,''),(194,'413',6,NULL,NULL,NULL,NULL,NULL,''),(195,'414',6,NULL,NULL,NULL,NULL,NULL,''),(196,'415',6,NULL,NULL,NULL,NULL,NULL,''),(197,'416',6,NULL,NULL,NULL,NULL,NULL,''),(198,'417',6,NULL,NULL,NULL,NULL,NULL,''),(199,'418',6,NULL,NULL,NULL,NULL,NULL,''),(200,'419',6,31216,'1',326.02,NULL,NULL,''),(201,'420',6,93503,'1',243.69,NULL,NULL,''),(202,'421',3,31206,'1',975.37,NULL,NULL,''),(203,'422',2,31202,'1',405.36,NULL,NULL,''),(204,'423',3,31201,'1',812.39,NULL,NULL,''),(205,'424',6,10618,'1',949.37,NULL,NULL,''),(206,'425',6,10618,'1',852.03,NULL,NULL,''),(207,'426',4,10611,'1',1010.70,NULL,NULL,''),(208,'427',3,10618,'1',910.38,NULL,NULL,''),(209,'428',3,41531,'1',1711.05,NULL,NULL,''),(210,'429',3,31201,'1',1175.36,NULL,NULL,''),(211,'430',6,31205,'1',653.69,NULL,NULL,''),(212,'431',3,31205,'1',866.70,NULL,NULL,''),(213,'432',3,31208,'1',1290.04,NULL,NULL,''),(214,'433',6,31205,'1',748.68,NULL,NULL,''),(215,'434',6,31211,'1',156.02,NULL,NULL,''),(216,'435',6,31218,'1',1423.05,NULL,NULL,''),(217,'436',3,41530,'1',1715.72,NULL,NULL,''),(218,'437',2,NULL,NULL,NULL,NULL,NULL,''),(219,'438',3,41522,'1',1269.38,NULL,NULL,''),(220,'439',6,41503,'1',270.70,NULL,NULL,''),(221,'440',3,93406,'1',375.38,NULL,NULL,''),(222,'441',6,93402,'1',385.05,NULL,NULL,''),(223,'442',6,999999972,'1',263.69,NULL,NULL,''),(224,'443',3,999999972,'1',653.72,NULL,NULL,''),(342,'900',13,NULL,NULL,NULL,NULL,NULL,''),(343,'901',9,NULL,NULL,NULL,NULL,NULL,''),(344,'902',12,NULL,NULL,NULL,NULL,NULL,''),(345,'903',19,NULL,NULL,NULL,NULL,NULL,''),(346,'906',2,NULL,NULL,NULL,NULL,NULL,''),(347,'907',13,NULL,NULL,NULL,NULL,NULL,''),(348,'908',15,NULL,NULL,NULL,NULL,NULL,''),(349,'912',6,NULL,NULL,NULL,NULL,NULL,''),(350,'913',13,NULL,NULL,NULL,NULL,NULL,''),(351,'915',13,NULL,NULL,NULL,NULL,NULL,''),(352,'921',13,NULL,NULL,NULL,NULL,NULL,''),(353,'927',13,NULL,NULL,NULL,NULL,NULL,''),(354,'934',15,NULL,NULL,NULL,NULL,NULL,''),(355,'935',13,NULL,NULL,NULL,NULL,NULL,''),(356,'937',19,NULL,NULL,NULL,NULL,NULL,''),(357,'939',15,NULL,NULL,NULL,NULL,NULL,''),(358,'941',8,NULL,NULL,NULL,NULL,NULL,''),(359,'943',13,NULL,NULL,NULL,NULL,NULL,''),(360,'944',13,NULL,NULL,NULL,NULL,NULL,''),(361,'945',13,NULL,NULL,NULL,NULL,NULL,''),(362,'946',13,NULL,NULL,NULL,NULL,NULL,''),(363,'950',13,NULL,NULL,NULL,NULL,NULL,''),(364,'951',18,NULL,NULL,NULL,NULL,NULL,''),(365,'952',2,NULL,NULL,NULL,NULL,NULL,''),(366,'953',14,NULL,NULL,NULL,NULL,NULL,''),(367,'954',2,NULL,NULL,NULL,NULL,NULL,''),(368,'961',13,NULL,NULL,NULL,NULL,NULL,''),(369,'964',13,NULL,NULL,NULL,NULL,NULL,''),(370,'965',14,NULL,NULL,NULL,NULL,NULL,''),(371,'968',13,NULL,NULL,NULL,NULL,NULL,''),(372,'969',2,NULL,NULL,NULL,NULL,NULL,''),(373,'991',14,NULL,NULL,NULL,NULL,NULL,''),(374,'992',17,NULL,NULL,NULL,NULL,NULL,''),(375,'993',13,NULL,NULL,NULL,NULL,NULL,''),(376,'994',6,NULL,NULL,NULL,NULL,NULL,''),(377,'997',3,NULL,NULL,NULL,NULL,NULL,''),(2719,'A5001',NULL,NULL,NULL,NULL,NULL,NULL,''),(2720,'A5002',NULL,NULL,NULL,NULL,NULL,NULL,''),(2721,'A5011',NULL,NULL,NULL,NULL,NULL,NULL,''),(2722,'A5012',NULL,NULL,NULL,NULL,NULL,NULL,''),(2723,'A5021',NULL,NULL,NULL,NULL,NULL,NULL,''),(2724,'A5022',NULL,NULL,NULL,NULL,NULL,NULL,''),(2725,'A5023',NULL,NULL,NULL,NULL,NULL,NULL,''),(2726,'A5024',NULL,NULL,NULL,NULL,NULL,NULL,''),(2727,'A5031',NULL,NULL,NULL,NULL,NULL,NULL,''),(2728,'A5032',NULL,NULL,NULL,NULL,NULL,NULL,''),(2729,'A5041',NULL,NULL,NULL,NULL,NULL,NULL,''),(2730,'A5051',NULL,NULL,NULL,NULL,NULL,NULL,''),(2731,'A5061',NULL,NULL,NULL,NULL,NULL,NULL,''),(2732,'A5071',NULL,NULL,NULL,NULL,NULL,NULL,''),(2733,'A5072',NULL,NULL,NULL,NULL,NULL,NULL,''),(2734,'A5073',NULL,NULL,NULL,NULL,NULL,NULL,''),(2735,'A5074',NULL,NULL,NULL,NULL,NULL,NULL,''),(2736,'A5075',NULL,NULL,NULL,NULL,NULL,NULL,''),(2737,'A5081',NULL,NULL,NULL,NULL,NULL,NULL,''),(2738,'A5101',NULL,NULL,NULL,NULL,NULL,NULL,''),(2739,'A5111',NULL,NULL,NULL,NULL,NULL,NULL,''),(2740,'A5112',NULL,NULL,NULL,NULL,NULL,NULL,''),(2741,'A5113',NULL,NULL,NULL,NULL,NULL,NULL,''),(2742,'A5121',NULL,NULL,NULL,NULL,NULL,NULL,''),(2743,'A5122',NULL,NULL,NULL,NULL,NULL,NULL,''),(2744,'BICI 01',NULL,NULL,NULL,NULL,NULL,NULL,''),(2745,'BICI 02',NULL,NULL,NULL,NULL,NULL,NULL,''),(2746,'BICI 06',NULL,NULL,NULL,NULL,NULL,NULL,''),(2747,'BICI 07',NULL,NULL,NULL,NULL,NULL,NULL,''),(2748,'BICI 09',NULL,NULL,NULL,NULL,NULL,NULL,''),(2749,'BICI 13',NULL,NULL,NULL,NULL,NULL,NULL,''),(2750,'BICI 15',NULL,NULL,NULL,NULL,NULL,NULL,''),(2751,'BICI 16',NULL,NULL,NULL,NULL,NULL,NULL,''),(2752,'BICI 17',NULL,NULL,NULL,NULL,NULL,NULL,''),(2753,'BICI 18',NULL,NULL,NULL,NULL,NULL,NULL,''),(2754,'BICI 19',NULL,NULL,NULL,NULL,NULL,NULL,''),(2755,'BICI 21 ',NULL,NULL,NULL,NULL,NULL,NULL,''),(2756,'BICI 24',NULL,NULL,NULL,NULL,NULL,NULL,''),(2757,'BICI 25',NULL,NULL,NULL,NULL,NULL,NULL,''),(2758,'BICI 27',NULL,NULL,NULL,NULL,NULL,NULL,''),(2759,'BICI 29',NULL,NULL,NULL,NULL,NULL,NULL,''),(2760,'BICI 31',NULL,NULL,NULL,NULL,NULL,NULL,''),(2761,'BICI 32',NULL,NULL,NULL,NULL,NULL,NULL,''),(2762,'BICI 34',NULL,NULL,NULL,NULL,NULL,NULL,''),(2763,'BICI 37 ',NULL,NULL,NULL,NULL,NULL,NULL,''),(2764,'BICI 41',NULL,NULL,NULL,NULL,NULL,NULL,''),(2765,'BICI 45',NULL,NULL,NULL,NULL,NULL,NULL,''),(2766,'BICI 46',NULL,NULL,NULL,NULL,NULL,NULL,''),(2767,'BICI 47',NULL,NULL,NULL,NULL,NULL,NULL,''),(2768,'BICI 49',NULL,NULL,NULL,NULL,NULL,NULL,''),(2769,'BICI 51',NULL,NULL,NULL,NULL,NULL,NULL,''),(2770,'BICI 52',NULL,NULL,NULL,NULL,NULL,NULL,''),(2771,'BICI 55',NULL,NULL,NULL,NULL,NULL,NULL,''),(2772,'BICI 59',NULL,NULL,NULL,NULL,NULL,NULL,''),(2773,'BICI 60',NULL,NULL,NULL,NULL,NULL,NULL,''),(2774,'BICI 61',NULL,NULL,NULL,NULL,NULL,NULL,''),(2775,'BICI 63',NULL,NULL,NULL,NULL,NULL,NULL,''),(2776,'BICI 65',NULL,NULL,NULL,NULL,NULL,NULL,''),(2777,'BICI 70 ',NULL,NULL,NULL,NULL,NULL,NULL,''),(2778,'BICI 71',NULL,NULL,NULL,NULL,NULL,NULL,''),(2779,'BICI 77',NULL,NULL,NULL,NULL,NULL,NULL,''),(2780,'BICI 80',NULL,NULL,NULL,NULL,NULL,NULL,''),(2781,'C700',NULL,NULL,NULL,NULL,NULL,NULL,''),(2782,'C701',NULL,NULL,NULL,NULL,NULL,NULL,''),(2783,'C702',NULL,NULL,NULL,NULL,NULL,NULL,''),(2784,'C703',NULL,NULL,NULL,NULL,NULL,NULL,''),(2785,'C704',NULL,NULL,NULL,NULL,NULL,NULL,''),(2786,'C705',NULL,NULL,NULL,NULL,NULL,NULL,''),(2787,'C706',NULL,NULL,NULL,NULL,NULL,NULL,''),(2788,'C707',NULL,NULL,NULL,NULL,NULL,NULL,''),(2789,'C708',NULL,NULL,NULL,NULL,NULL,NULL,''),(2790,'C709',NULL,NULL,NULL,NULL,NULL,NULL,''),(2791,'C710',NULL,NULL,NULL,NULL,NULL,NULL,''),(2792,'C711',NULL,NULL,NULL,NULL,NULL,NULL,''),(2793,'C712',NULL,NULL,NULL,NULL,NULL,NULL,''),(2794,'C713',NULL,NULL,NULL,NULL,NULL,NULL,''),(2795,'C714',NULL,NULL,NULL,NULL,NULL,NULL,''),(2796,'C715',NULL,NULL,NULL,NULL,NULL,NULL,''),(2797,'C716',NULL,NULL,NULL,NULL,NULL,NULL,''),(2798,'CENTRAL 0',NULL,NULL,NULL,NULL,NULL,NULL,''),(2799,'CENTRAL 1',NULL,NULL,NULL,NULL,NULL,NULL,''),(2800,'CENTRAL 2',NULL,NULL,NULL,NULL,NULL,NULL,''),(2801,'CENTRAL 3',NULL,NULL,NULL,NULL,NULL,NULL,''),(2802,'CENTRAL 4',NULL,NULL,NULL,NULL,NULL,NULL,''),(2803,'CENTRAL 5',NULL,NULL,NULL,NULL,NULL,NULL,''),(2804,'CENTRAL 6',NULL,NULL,NULL,NULL,NULL,NULL,''),(2805,'CENTRAL 7',NULL,NULL,NULL,NULL,NULL,NULL,''),(2806,'CENTRAL VIELETA',NULL,NULL,NULL,NULL,NULL,NULL,''),(2807,'E00101',NULL,NULL,NULL,NULL,NULL,NULL,''),(2808,'E00102',NULL,NULL,NULL,NULL,NULL,NULL,''),(2809,'E00103',NULL,NULL,NULL,NULL,NULL,NULL,''),(2810,'E00104',NULL,NULL,NULL,NULL,NULL,NULL,''),(2811,'E00105',NULL,NULL,NULL,NULL,NULL,NULL,''),(2812,'E00106',NULL,NULL,NULL,NULL,NULL,NULL,''),(2813,'E00107',NULL,NULL,NULL,NULL,NULL,NULL,''),(2814,'E00108',NULL,NULL,NULL,NULL,NULL,NULL,''),(2815,'E00201',NULL,NULL,NULL,NULL,NULL,NULL,''),(2816,'E00202',NULL,NULL,NULL,NULL,NULL,NULL,''),(2817,'E00203',NULL,NULL,NULL,NULL,NULL,NULL,''),(2818,'E00204',NULL,NULL,NULL,NULL,NULL,NULL,''),(2819,'E00205',NULL,NULL,NULL,NULL,NULL,NULL,''),(2820,'E00206',NULL,NULL,NULL,NULL,NULL,NULL,''),(2821,'E00207',NULL,NULL,NULL,NULL,NULL,NULL,''),(2822,'E00208',NULL,NULL,NULL,NULL,NULL,NULL,''),(2823,'E00209',NULL,NULL,NULL,NULL,NULL,NULL,''),(2824,'E00210',NULL,NULL,NULL,NULL,NULL,NULL,''),(2825,'E00211',NULL,NULL,NULL,NULL,NULL,NULL,''),(2826,'E00301',NULL,NULL,NULL,NULL,NULL,NULL,''),(2827,'E00302',NULL,NULL,NULL,NULL,NULL,NULL,''),(2828,'E00303',NULL,NULL,NULL,NULL,NULL,NULL,''),(2829,'E00501',NULL,NULL,NULL,NULL,NULL,NULL,''),(2830,'E00502',NULL,NULL,NULL,NULL,NULL,NULL,''),(2831,'E00503',NULL,NULL,NULL,NULL,NULL,NULL,''),(2832,'E00602',NULL,NULL,NULL,NULL,NULL,NULL,''),(2833,'E00603',NULL,NULL,NULL,NULL,NULL,NULL,''),(2834,'E00604',NULL,NULL,NULL,NULL,NULL,NULL,''),(2835,'E00605',NULL,NULL,NULL,NULL,NULL,NULL,''),(2836,'E00801',NULL,NULL,NULL,NULL,NULL,NULL,''),(2837,'E00802',NULL,NULL,NULL,NULL,NULL,NULL,''),(2838,'E00803',NULL,NULL,NULL,NULL,NULL,NULL,''),(2839,'E00901',NULL,NULL,NULL,NULL,NULL,NULL,''),(2840,'E00902',NULL,NULL,NULL,NULL,NULL,NULL,''),(2841,'E00903',NULL,NULL,NULL,NULL,NULL,NULL,''),(2842,'E01001',NULL,NULL,NULL,NULL,NULL,NULL,''),(2843,'E01002',NULL,NULL,NULL,NULL,NULL,NULL,''),(2844,'E01003',NULL,NULL,NULL,NULL,NULL,NULL,''),(2845,'E01101',NULL,NULL,NULL,NULL,NULL,NULL,''),(2846,'E01201',NULL,NULL,NULL,NULL,NULL,NULL,''),(2847,'E01203',NULL,NULL,NULL,NULL,NULL,NULL,''),(2848,'E01205',NULL,NULL,NULL,NULL,NULL,NULL,''),(2849,'E01301',NULL,NULL,NULL,NULL,NULL,NULL,''),(2850,'E01302',NULL,NULL,NULL,NULL,NULL,NULL,''),(2851,'E01303',NULL,NULL,NULL,NULL,NULL,NULL,''),(2852,'E01304',NULL,NULL,NULL,NULL,NULL,NULL,''),(2853,'E01305',NULL,NULL,NULL,NULL,NULL,NULL,''),(2854,'E01701',NULL,NULL,NULL,NULL,NULL,NULL,''),(2855,'E01702',NULL,NULL,NULL,NULL,NULL,NULL,''),(2856,'E01703',NULL,NULL,NULL,NULL,NULL,NULL,''),(2857,'E01704',NULL,NULL,NULL,NULL,NULL,NULL,''),(2858,'E01705',NULL,NULL,NULL,NULL,NULL,NULL,''),(2859,'E01706',NULL,NULL,NULL,NULL,NULL,NULL,''),(2860,'E01707',NULL,NULL,NULL,NULL,NULL,NULL,''),(2861,'E01801',NULL,NULL,NULL,NULL,NULL,NULL,''),(2862,'E01802',NULL,NULL,NULL,NULL,NULL,NULL,''),(2863,'E01803',NULL,NULL,NULL,NULL,NULL,NULL,''),(2864,'E01804',NULL,NULL,NULL,NULL,NULL,NULL,''),(2865,'E01805',NULL,NULL,NULL,NULL,NULL,NULL,''),(2866,'E01806',NULL,NULL,NULL,NULL,NULL,NULL,''),(2867,'E01901',NULL,NULL,NULL,NULL,NULL,NULL,''),(2868,'E01902',NULL,NULL,NULL,NULL,NULL,NULL,''),(2869,'E01903',NULL,NULL,NULL,NULL,NULL,NULL,''),(2870,'E02201',NULL,NULL,NULL,NULL,NULL,NULL,''),(2871,'E02202',NULL,NULL,NULL,NULL,NULL,NULL,''),(2872,'E02203',NULL,NULL,NULL,NULL,NULL,NULL,''),(2873,'E02204',NULL,NULL,NULL,NULL,NULL,NULL,''),(2874,'E02205',NULL,NULL,NULL,NULL,NULL,NULL,''),(2875,'E02206',NULL,NULL,NULL,NULL,NULL,NULL,''),(2876,'E02207',NULL,NULL,NULL,NULL,NULL,NULL,''),(2877,'E02208',NULL,NULL,NULL,NULL,NULL,NULL,''),(2878,'E02302',NULL,NULL,NULL,NULL,NULL,NULL,''),(2879,'E02303',NULL,NULL,NULL,NULL,NULL,NULL,''),(2880,'E02304',NULL,NULL,NULL,NULL,NULL,NULL,''),(2881,'E02401',NULL,NULL,NULL,NULL,NULL,NULL,''),(2882,'E02402',NULL,NULL,NULL,NULL,NULL,NULL,''),(2883,'E02501',NULL,NULL,NULL,NULL,NULL,NULL,''),(2884,'E02502',NULL,NULL,NULL,NULL,NULL,NULL,''),(2885,'E02503',NULL,NULL,NULL,NULL,NULL,NULL,''),(2886,'E02701',NULL,NULL,NULL,NULL,NULL,NULL,''),(2887,'E02702',NULL,NULL,NULL,NULL,NULL,NULL,''),(2888,'E02703',NULL,NULL,NULL,NULL,NULL,NULL,''),(2889,'E02704',NULL,NULL,NULL,NULL,NULL,NULL,''),(2890,'E02803',NULL,NULL,NULL,NULL,NULL,NULL,''),(2891,'E02804',NULL,NULL,NULL,NULL,NULL,NULL,''),(2892,'E02805',NULL,NULL,NULL,NULL,NULL,NULL,''),(2893,'E02806',NULL,NULL,NULL,NULL,NULL,NULL,''),(2894,'E02807',NULL,NULL,NULL,NULL,NULL,NULL,''),(2895,'E03102',NULL,NULL,NULL,NULL,NULL,NULL,''),(2896,'E03103',NULL,NULL,NULL,NULL,NULL,NULL,''),(2897,'E03104',NULL,NULL,NULL,NULL,NULL,NULL,''),(2898,'E03105',NULL,NULL,NULL,NULL,NULL,NULL,''),(2899,'E10001',NULL,NULL,NULL,NULL,NULL,NULL,''),(2900,'E10002',NULL,NULL,NULL,NULL,NULL,NULL,''),(2901,'E10003',NULL,NULL,NULL,NULL,NULL,NULL,''),(2902,'E10004',NULL,NULL,NULL,NULL,NULL,NULL,''),(2903,'E10103',NULL,NULL,NULL,NULL,NULL,NULL,''),(2904,'E10104',NULL,NULL,NULL,NULL,NULL,NULL,''),(2905,'E10105',NULL,NULL,NULL,NULL,NULL,NULL,''),(2906,'E10301',NULL,NULL,NULL,NULL,NULL,NULL,''),(2907,'E10302',NULL,NULL,NULL,NULL,NULL,NULL,''),(2908,'E10303',NULL,NULL,NULL,NULL,NULL,NULL,''),(2909,'E10402',NULL,NULL,NULL,NULL,NULL,NULL,''),(2910,'E10403',NULL,NULL,NULL,NULL,NULL,NULL,''),(2911,'E10404',NULL,NULL,NULL,NULL,NULL,NULL,''),(2912,'E10405',NULL,NULL,NULL,NULL,NULL,NULL,''),(2913,'E10501',NULL,NULL,NULL,NULL,NULL,NULL,''),(2914,'E10502',NULL,NULL,NULL,NULL,NULL,NULL,''),(2915,'E10503',NULL,NULL,NULL,NULL,NULL,NULL,''),(2916,'E10504',NULL,NULL,NULL,NULL,NULL,NULL,''),(2917,'E10601',NULL,NULL,NULL,NULL,NULL,NULL,''),(2918,'E10602',NULL,NULL,NULL,NULL,NULL,NULL,''),(2919,'E10603',NULL,NULL,NULL,NULL,NULL,NULL,''),(2920,'E10701',NULL,NULL,NULL,NULL,NULL,NULL,''),(2921,'E10702',NULL,NULL,NULL,NULL,NULL,NULL,''),(2922,'E10703',NULL,NULL,NULL,NULL,NULL,NULL,''),(2923,'E10704',NULL,NULL,NULL,NULL,NULL,NULL,''),(2924,'E10705',NULL,NULL,NULL,NULL,NULL,NULL,''),(2925,'E10706',NULL,NULL,NULL,NULL,NULL,NULL,''),(2926,'E10707',NULL,NULL,NULL,NULL,NULL,NULL,''),(2927,'E10802',NULL,NULL,NULL,NULL,NULL,NULL,''),(2928,'E10803',NULL,NULL,NULL,NULL,NULL,NULL,''),(2929,'E10804',NULL,NULL,NULL,NULL,NULL,NULL,''),(2930,'E10805',NULL,NULL,NULL,NULL,NULL,NULL,''),(2931,'E10806',NULL,NULL,NULL,NULL,NULL,NULL,''),(2932,'E10807',NULL,NULL,NULL,NULL,NULL,NULL,''),(2933,'E10901',NULL,NULL,NULL,NULL,NULL,NULL,''),(2934,'E10902',NULL,NULL,NULL,NULL,NULL,NULL,''),(2935,'E11001',NULL,NULL,NULL,NULL,NULL,NULL,''),(2936,'E11006',NULL,NULL,NULL,NULL,NULL,NULL,''),(2937,'E11007',NULL,NULL,NULL,NULL,NULL,NULL,''),(2938,'E11101',NULL,NULL,NULL,NULL,NULL,NULL,''),(2939,'E11102',NULL,NULL,NULL,NULL,NULL,NULL,''),(2940,'E11103',NULL,NULL,NULL,NULL,NULL,NULL,''),(2941,'E11104',NULL,NULL,NULL,NULL,NULL,NULL,''),(2942,'E11105',NULL,NULL,NULL,NULL,NULL,NULL,''),(2943,'E11106',NULL,NULL,NULL,NULL,NULL,NULL,''),(2944,'E11107',NULL,NULL,NULL,NULL,NULL,NULL,''),(2945,'E11201',NULL,NULL,NULL,NULL,NULL,NULL,''),(2946,'E11202',NULL,NULL,NULL,NULL,NULL,NULL,''),(2947,'E11203',NULL,NULL,NULL,NULL,NULL,NULL,''),(2948,'E11204',NULL,NULL,NULL,NULL,NULL,NULL,''),(2949,'E11205',NULL,NULL,NULL,NULL,NULL,NULL,''),(2950,'E11206',NULL,NULL,NULL,NULL,NULL,NULL,''),(2951,'E11208',NULL,NULL,NULL,NULL,NULL,NULL,''),(2952,'E11209',NULL,NULL,NULL,NULL,NULL,NULL,''),(2953,'E11301',NULL,NULL,NULL,NULL,NULL,NULL,''),(2954,'E11302',NULL,NULL,NULL,NULL,NULL,NULL,''),(2955,'E11303',NULL,NULL,NULL,NULL,NULL,NULL,''),(2956,'E11304',NULL,NULL,NULL,NULL,NULL,NULL,''),(2957,'E11305',NULL,NULL,NULL,NULL,NULL,NULL,''),(2958,'E11306',NULL,NULL,NULL,NULL,NULL,NULL,''),(2959,'E11401',NULL,NULL,NULL,NULL,NULL,NULL,''),(2960,'E11402',NULL,NULL,NULL,NULL,NULL,NULL,''),(2961,'E11403',NULL,NULL,NULL,NULL,NULL,NULL,''),(2962,'E11501',NULL,NULL,NULL,NULL,NULL,NULL,''),(2963,'E11502',NULL,NULL,NULL,NULL,NULL,NULL,''),(2964,'E11601',NULL,NULL,NULL,NULL,NULL,NULL,''),(2965,'E11602',NULL,NULL,NULL,NULL,NULL,NULL,''),(2966,'E11603',NULL,NULL,NULL,NULL,NULL,NULL,''),(2967,'E11604',NULL,NULL,NULL,NULL,NULL,NULL,''),(2968,'E11701',NULL,NULL,NULL,NULL,NULL,NULL,''),(2969,'E11702',NULL,NULL,NULL,NULL,NULL,NULL,''),(2970,'E11703',NULL,NULL,NULL,NULL,NULL,NULL,''),(2971,'E11704',NULL,NULL,NULL,NULL,NULL,NULL,''),(2972,'E11705',NULL,NULL,NULL,NULL,NULL,NULL,''),(2973,'E11706',NULL,NULL,NULL,NULL,NULL,NULL,''),(2974,'E11802',NULL,NULL,NULL,NULL,NULL,NULL,''),(2975,'E11803',NULL,NULL,NULL,NULL,NULL,NULL,''),(2976,'E11804',NULL,NULL,NULL,NULL,NULL,NULL,''),(2977,'E11805',NULL,NULL,NULL,NULL,NULL,NULL,''),(2978,'E11901',NULL,NULL,NULL,NULL,NULL,NULL,''),(2979,'E12001',NULL,NULL,NULL,NULL,NULL,NULL,''),(2980,'E12002',NULL,NULL,NULL,NULL,NULL,NULL,''),(2981,'E12003',NULL,NULL,NULL,NULL,NULL,NULL,''),(2982,'E12301',NULL,NULL,NULL,NULL,NULL,NULL,''),(2983,'E12302',NULL,NULL,NULL,NULL,NULL,NULL,''),(2984,'E12303',NULL,NULL,NULL,NULL,NULL,NULL,''),(2985,'E12304',NULL,NULL,NULL,NULL,NULL,NULL,''),(2986,'E12305',NULL,NULL,NULL,NULL,NULL,NULL,''),(2987,'E12306',NULL,NULL,NULL,NULL,NULL,NULL,''),(2988,'E12401',NULL,NULL,NULL,NULL,NULL,NULL,''),(2989,'E12402',NULL,NULL,NULL,NULL,NULL,NULL,''),(2990,'E12403',NULL,NULL,NULL,NULL,NULL,NULL,''),(2991,'E12404',NULL,NULL,NULL,NULL,NULL,NULL,''),(2992,'E12501',NULL,NULL,NULL,NULL,NULL,NULL,''),(2993,'E12502',NULL,NULL,NULL,NULL,NULL,NULL,''),(2994,'E12503',NULL,NULL,NULL,NULL,NULL,NULL,''),(2995,'E12504',NULL,NULL,NULL,NULL,NULL,NULL,''),(2996,'E12701',NULL,NULL,NULL,NULL,NULL,NULL,''),(2997,'E12702',NULL,NULL,NULL,NULL,NULL,NULL,''),(2998,'E12805',NULL,NULL,NULL,NULL,NULL,NULL,''),(2999,'E12806',NULL,NULL,NULL,NULL,NULL,NULL,''),(3000,'E12901',NULL,NULL,NULL,NULL,NULL,NULL,''),(3001,'E12902',NULL,NULL,NULL,NULL,NULL,NULL,''),(3002,'E12903',NULL,NULL,NULL,NULL,NULL,NULL,''),(3003,'E13001',NULL,NULL,NULL,NULL,NULL,NULL,''),(3004,'E13002',NULL,NULL,NULL,NULL,NULL,NULL,''),(3005,'E13201',NULL,NULL,NULL,NULL,NULL,NULL,''),(3006,'E13202',NULL,NULL,NULL,NULL,NULL,NULL,''),(3007,'E13203',NULL,NULL,NULL,NULL,NULL,NULL,''),(3008,'E13204',NULL,NULL,NULL,NULL,NULL,NULL,''),(3009,'E13205',NULL,NULL,NULL,NULL,NULL,NULL,''),(3010,'E13501',NULL,NULL,NULL,NULL,NULL,NULL,''),(3011,'E13502',NULL,NULL,NULL,NULL,NULL,NULL,''),(3012,'E13601',NULL,NULL,NULL,NULL,NULL,NULL,''),(3013,'E13701',NULL,NULL,NULL,NULL,NULL,NULL,''),(3014,'E13702',NULL,NULL,NULL,NULL,NULL,NULL,''),(3015,'E13703',NULL,NULL,NULL,NULL,NULL,NULL,''),(3016,'E13704',NULL,NULL,NULL,NULL,NULL,NULL,''),(3017,'E13705',NULL,NULL,NULL,NULL,NULL,NULL,''),(3018,'E13801',NULL,NULL,NULL,NULL,NULL,NULL,''),(3019,'E13802',NULL,NULL,NULL,NULL,NULL,NULL,''),(3020,'E14002',NULL,NULL,NULL,NULL,NULL,NULL,''),(3021,'E14003',NULL,NULL,NULL,NULL,NULL,NULL,''),(3022,'E14004',NULL,NULL,NULL,NULL,NULL,NULL,''),(3023,'E14005',NULL,NULL,NULL,NULL,NULL,NULL,''),(3024,'E14101',NULL,NULL,NULL,NULL,NULL,NULL,''),(3025,'E14102',NULL,NULL,NULL,NULL,NULL,NULL,''),(3026,'E20004',NULL,NULL,NULL,NULL,NULL,NULL,''),(3027,'E20201',NULL,NULL,NULL,NULL,NULL,NULL,''),(3028,'E20202',NULL,NULL,NULL,NULL,NULL,NULL,''),(3029,'E20203',NULL,NULL,NULL,NULL,NULL,NULL,''),(3030,'E20301',NULL,NULL,NULL,NULL,NULL,NULL,''),(3031,'E20302',NULL,NULL,NULL,NULL,NULL,NULL,''),(3032,'E20303',NULL,NULL,NULL,NULL,NULL,NULL,''),(3033,'E20501',NULL,NULL,NULL,NULL,NULL,NULL,''),(3034,'E20502',NULL,NULL,NULL,NULL,NULL,NULL,''),(3035,'E20503',NULL,NULL,NULL,NULL,NULL,NULL,''),(3036,'E20504',NULL,NULL,NULL,NULL,NULL,NULL,''),(3037,'E20505',NULL,NULL,NULL,NULL,NULL,NULL,''),(3038,'E20506',NULL,NULL,NULL,NULL,NULL,NULL,''),(3039,'E20701',NULL,NULL,NULL,NULL,NULL,NULL,''),(3040,'E20702',NULL,NULL,NULL,NULL,NULL,NULL,''),(3041,'E20703',NULL,NULL,NULL,NULL,NULL,NULL,''),(3042,'E20704',NULL,NULL,NULL,NULL,NULL,NULL,''),(3043,'E20801',NULL,NULL,NULL,NULL,NULL,NULL,''),(3044,'E20802',NULL,NULL,NULL,NULL,NULL,NULL,''),(3045,'E20803',NULL,NULL,NULL,NULL,NULL,NULL,''),(3046,'E20804',NULL,NULL,NULL,NULL,NULL,NULL,''),(3047,'E20901',NULL,NULL,NULL,NULL,NULL,NULL,''),(3048,'E20902',NULL,NULL,NULL,NULL,NULL,NULL,''),(3049,'E20903',NULL,NULL,NULL,NULL,NULL,NULL,''),(3050,'E20904',NULL,NULL,NULL,NULL,NULL,NULL,''),(3051,'E20905',NULL,NULL,NULL,NULL,NULL,NULL,''),(3052,'E20906',NULL,NULL,NULL,NULL,NULL,NULL,''),(3053,'E20907',NULL,NULL,NULL,NULL,NULL,NULL,''),(3054,'E20908',NULL,NULL,NULL,NULL,NULL,NULL,''),(3055,'E21002',NULL,NULL,NULL,NULL,NULL,NULL,''),(3056,'E21003',NULL,NULL,NULL,NULL,NULL,NULL,''),(3057,'E21004',NULL,NULL,NULL,NULL,NULL,NULL,''),(3058,'E21005',NULL,NULL,NULL,NULL,NULL,NULL,''),(3059,'E21006',NULL,NULL,NULL,NULL,NULL,NULL,''),(3060,'E21007',NULL,NULL,NULL,NULL,NULL,NULL,''),(3061,'E21101',NULL,NULL,NULL,NULL,NULL,NULL,''),(3062,'E21102',NULL,NULL,NULL,NULL,NULL,NULL,''),(3063,'E21103',NULL,NULL,NULL,NULL,NULL,NULL,''),(3064,'E21201',NULL,NULL,NULL,NULL,NULL,NULL,''),(3065,'E21202',NULL,NULL,NULL,NULL,NULL,NULL,''),(3066,'E21203',NULL,NULL,NULL,NULL,NULL,NULL,''),(3067,'E21204',NULL,NULL,NULL,NULL,NULL,NULL,''),(3068,'E21205',NULL,NULL,NULL,NULL,NULL,NULL,''),(3069,'E21301',NULL,NULL,NULL,NULL,NULL,NULL,''),(3070,'E21302',NULL,NULL,NULL,NULL,NULL,NULL,''),(3071,'E21303',NULL,NULL,NULL,NULL,NULL,NULL,''),(3072,'E21304',NULL,NULL,NULL,NULL,NULL,NULL,''),(3073,'E21401',NULL,NULL,NULL,NULL,NULL,NULL,''),(3074,'E21402',NULL,NULL,NULL,NULL,NULL,NULL,''),(3075,'E21502',NULL,NULL,NULL,NULL,NULL,NULL,''),(3076,'E21503',NULL,NULL,NULL,NULL,NULL,NULL,''),(3077,'E21504',NULL,NULL,NULL,NULL,NULL,NULL,''),(3078,'E21505',NULL,NULL,NULL,NULL,NULL,NULL,''),(3079,'E21601',NULL,NULL,NULL,NULL,NULL,NULL,''),(3080,'E21602',NULL,NULL,NULL,NULL,NULL,NULL,''),(3081,'E21603',NULL,NULL,NULL,NULL,NULL,NULL,''),(3082,'E21604',NULL,NULL,NULL,NULL,NULL,NULL,''),(3083,'E21605',NULL,NULL,NULL,NULL,NULL,NULL,''),(3084,'E21606',NULL,NULL,NULL,NULL,NULL,NULL,''),(3085,'E21607',NULL,NULL,NULL,NULL,NULL,NULL,''),(3086,'E21701',NULL,NULL,NULL,NULL,NULL,NULL,''),(3087,'E21702',NULL,NULL,NULL,NULL,NULL,NULL,''),(3088,'E21703',NULL,NULL,NULL,NULL,NULL,NULL,''),(3089,'E21704',NULL,NULL,NULL,NULL,NULL,NULL,''),(3090,'E21705',NULL,NULL,NULL,NULL,NULL,NULL,''),(3091,'E21706',NULL,NULL,NULL,NULL,NULL,NULL,''),(3092,'E21707',NULL,NULL,NULL,NULL,NULL,NULL,''),(3093,'E21901',NULL,NULL,NULL,NULL,NULL,NULL,''),(3094,'E21902',NULL,NULL,NULL,NULL,NULL,NULL,''),(3095,'E21903',NULL,NULL,NULL,NULL,NULL,NULL,''),(3096,'E21904',NULL,NULL,NULL,NULL,NULL,NULL,''),(3097,'E21905',NULL,NULL,NULL,NULL,NULL,NULL,''),(3098,'E22001',NULL,NULL,NULL,NULL,NULL,NULL,''),(3099,'E22002',NULL,NULL,NULL,NULL,NULL,NULL,''),(3100,'E22003',NULL,NULL,NULL,NULL,NULL,NULL,''),(3101,'E22004',NULL,NULL,NULL,NULL,NULL,NULL,''),(3102,'E22005',NULL,NULL,NULL,NULL,NULL,NULL,''),(3103,'E22101',NULL,NULL,NULL,NULL,NULL,NULL,''),(3104,'E22102',NULL,NULL,NULL,NULL,NULL,NULL,''),(3105,'E22104',NULL,NULL,NULL,NULL,NULL,NULL,''),(3106,'E22105',NULL,NULL,NULL,NULL,NULL,NULL,''),(3107,'E22201',NULL,NULL,NULL,NULL,NULL,NULL,''),(3108,'E22202',NULL,NULL,NULL,NULL,NULL,NULL,''),(3109,'E22301',NULL,NULL,NULL,NULL,NULL,NULL,''),(3110,'E22302',NULL,NULL,NULL,NULL,NULL,NULL,''),(3111,'E22303',NULL,NULL,NULL,NULL,NULL,NULL,''),(3112,'E22403',NULL,NULL,NULL,NULL,NULL,NULL,''),(3113,'E22404',NULL,NULL,NULL,NULL,NULL,NULL,''),(3114,'E22405',NULL,NULL,NULL,NULL,NULL,NULL,''),(3115,'E22406',NULL,NULL,NULL,NULL,NULL,NULL,''),(3116,'E22407',NULL,NULL,NULL,NULL,NULL,NULL,''),(3117,'E22701',NULL,NULL,NULL,NULL,NULL,NULL,''),(3118,'E22702',NULL,NULL,NULL,NULL,NULL,NULL,''),(3119,'E22703',NULL,NULL,NULL,NULL,NULL,NULL,''),(3120,'E22704',NULL,NULL,NULL,NULL,NULL,NULL,''),(3121,'E30001',NULL,NULL,NULL,NULL,NULL,NULL,''),(3122,'E30002',NULL,NULL,NULL,NULL,NULL,NULL,''),(3123,'E30003',NULL,NULL,NULL,NULL,NULL,NULL,''),(3124,'E30004',NULL,NULL,NULL,NULL,NULL,NULL,''),(3125,'E30201',NULL,NULL,NULL,NULL,NULL,NULL,''),(3126,'E30202',NULL,NULL,NULL,NULL,NULL,NULL,''),(3127,'E30203',NULL,NULL,NULL,NULL,NULL,NULL,''),(3128,'E30204',NULL,NULL,NULL,NULL,NULL,NULL,''),(3129,'E30301',NULL,NULL,NULL,NULL,NULL,NULL,''),(3130,'E30302',NULL,NULL,NULL,NULL,NULL,NULL,''),(3131,'E30303',NULL,NULL,NULL,NULL,NULL,NULL,''),(3132,'E30304',NULL,NULL,NULL,NULL,NULL,NULL,''),(3133,'E30305',NULL,NULL,NULL,NULL,NULL,NULL,''),(3134,'E30501',NULL,NULL,NULL,NULL,NULL,NULL,''),(3135,'E30502',NULL,NULL,NULL,NULL,NULL,NULL,''),(3136,'E30503',NULL,NULL,NULL,NULL,NULL,NULL,''),(3137,'E30504',NULL,NULL,NULL,NULL,NULL,NULL,''),(3138,'E30505',NULL,NULL,NULL,NULL,NULL,NULL,''),(3139,'E30601',NULL,NULL,NULL,NULL,NULL,NULL,''),(3140,'E30602',NULL,NULL,NULL,NULL,NULL,NULL,''),(3141,'E30603',NULL,NULL,NULL,NULL,NULL,NULL,''),(3142,'E30604',NULL,NULL,NULL,NULL,NULL,NULL,''),(3143,'E30605',NULL,NULL,NULL,NULL,NULL,NULL,''),(3144,'E30606',NULL,NULL,NULL,NULL,NULL,NULL,''),(3145,'E30607',NULL,NULL,NULL,NULL,NULL,NULL,''),(3146,'E30608',NULL,NULL,NULL,NULL,NULL,NULL,''),(3147,'E30801',NULL,NULL,NULL,NULL,NULL,NULL,''),(3148,'E30802',NULL,NULL,NULL,NULL,NULL,NULL,''),(3149,'E30901',NULL,NULL,NULL,NULL,NULL,NULL,''),(3150,'E30902',NULL,NULL,NULL,NULL,NULL,NULL,''),(3151,'E30903',NULL,NULL,NULL,NULL,NULL,NULL,''),(3152,'E30904',NULL,NULL,NULL,NULL,NULL,NULL,''),(3153,'E31001',NULL,NULL,NULL,NULL,NULL,NULL,''),(3154,'E31002',NULL,NULL,NULL,NULL,NULL,NULL,''),(3155,'E31101',NULL,NULL,NULL,NULL,NULL,NULL,''),(3156,'E31102',NULL,NULL,NULL,NULL,NULL,NULL,''),(3157,'E31103',NULL,NULL,NULL,NULL,NULL,NULL,''),(3158,'E31104',NULL,NULL,NULL,NULL,NULL,NULL,''),(3159,'E31105',NULL,NULL,NULL,NULL,NULL,NULL,''),(3160,'E31201',NULL,NULL,NULL,NULL,NULL,NULL,''),(3161,'E31202',NULL,NULL,NULL,NULL,NULL,NULL,''),(3162,'E31203',NULL,NULL,NULL,NULL,NULL,NULL,''),(3163,'E31302',NULL,NULL,NULL,NULL,NULL,NULL,''),(3164,'E31303',NULL,NULL,NULL,NULL,NULL,NULL,''),(3165,'E31304',NULL,NULL,NULL,NULL,NULL,NULL,''),(3166,'E31305',NULL,NULL,NULL,NULL,NULL,NULL,''),(3167,'E31402',NULL,NULL,NULL,NULL,NULL,NULL,''),(3168,'E31601',NULL,NULL,NULL,NULL,NULL,NULL,''),(3169,'E31602',NULL,NULL,NULL,NULL,NULL,NULL,''),(3170,'E40001',NULL,NULL,NULL,NULL,NULL,NULL,''),(3171,'E40002',NULL,NULL,NULL,NULL,NULL,NULL,''),(3172,'E40003',NULL,NULL,NULL,NULL,NULL,NULL,''),(3173,'E40004',NULL,NULL,NULL,NULL,NULL,NULL,''),(3174,'E40005',NULL,NULL,NULL,NULL,NULL,NULL,''),(3175,'E40006',NULL,NULL,NULL,NULL,NULL,NULL,''),(3176,'E40007',NULL,NULL,NULL,NULL,NULL,NULL,''),(3177,'E40101',NULL,NULL,NULL,NULL,NULL,NULL,''),(3178,'E40102',NULL,NULL,NULL,NULL,NULL,NULL,''),(3179,'E40103',NULL,NULL,NULL,NULL,NULL,NULL,''),(3180,'E40104',NULL,NULL,NULL,NULL,NULL,NULL,''),(3181,'E40105',NULL,NULL,NULL,NULL,NULL,NULL,''),(3182,'E40106',NULL,NULL,NULL,NULL,NULL,NULL,''),(3183,'E40107',NULL,NULL,NULL,NULL,NULL,NULL,''),(3184,'E40202',NULL,NULL,NULL,NULL,NULL,NULL,''),(3185,'E40203',NULL,NULL,NULL,NULL,NULL,NULL,''),(3186,'E40204',NULL,NULL,NULL,NULL,NULL,NULL,''),(3187,'E40403',NULL,NULL,NULL,NULL,NULL,NULL,''),(3188,'E40404',NULL,NULL,NULL,NULL,NULL,NULL,''),(3189,'E40405',NULL,NULL,NULL,NULL,NULL,NULL,''),(3190,'E40406',NULL,NULL,NULL,NULL,NULL,NULL,''),(3191,'E40407',NULL,NULL,NULL,NULL,NULL,NULL,''),(3192,'E40408',NULL,NULL,NULL,NULL,NULL,NULL,''),(3193,'E40409',NULL,NULL,NULL,NULL,NULL,NULL,''),(3194,'E40410',NULL,NULL,NULL,NULL,NULL,NULL,''),(3195,'E40501',NULL,NULL,NULL,NULL,NULL,NULL,''),(3196,'E40602',NULL,NULL,NULL,NULL,NULL,NULL,''),(3197,'E40603',NULL,NULL,NULL,NULL,NULL,NULL,''),(3198,'E40604',NULL,NULL,NULL,NULL,NULL,NULL,''),(3199,'E40605',NULL,NULL,NULL,NULL,NULL,NULL,''),(3200,'E40606',NULL,NULL,NULL,NULL,NULL,NULL,''),(3201,'E40607',NULL,NULL,NULL,NULL,NULL,NULL,''),(3202,'E40608',NULL,NULL,NULL,NULL,NULL,NULL,''),(3203,'E40703',NULL,NULL,NULL,NULL,NULL,NULL,''),(3204,'E40704',NULL,NULL,NULL,NULL,NULL,NULL,''),(3205,'E40705',NULL,NULL,NULL,NULL,NULL,NULL,''),(3206,'E40706',NULL,NULL,NULL,NULL,NULL,NULL,''),(3207,'E40707',NULL,NULL,NULL,NULL,NULL,NULL,''),(3208,'E40708',NULL,NULL,NULL,NULL,NULL,NULL,''),(3209,'E41401',NULL,NULL,NULL,NULL,NULL,NULL,''),(3210,'E41402',NULL,NULL,NULL,NULL,NULL,NULL,''),(3211,'E41403',NULL,NULL,NULL,NULL,NULL,NULL,''),(3212,'E41501',NULL,NULL,NULL,NULL,NULL,NULL,''),(3213,'E41502',NULL,NULL,NULL,NULL,NULL,NULL,''),(3214,'E41503',NULL,NULL,NULL,NULL,NULL,NULL,''),(3215,'E41504',NULL,NULL,NULL,NULL,NULL,NULL,''),(3216,'E41505',NULL,NULL,NULL,NULL,NULL,NULL,''),(3217,'E41506',NULL,NULL,NULL,NULL,NULL,NULL,''),(3218,'E41601',NULL,NULL,NULL,NULL,NULL,NULL,''),(3219,'E41602',NULL,NULL,NULL,NULL,NULL,NULL,''),(3220,'E41603',NULL,NULL,NULL,NULL,NULL,NULL,''),(3221,'E41703',NULL,NULL,NULL,NULL,NULL,NULL,''),(3222,'E41704',NULL,NULL,NULL,NULL,NULL,NULL,''),(3223,'E41705',NULL,NULL,NULL,NULL,NULL,NULL,''),(3224,'E41803',NULL,NULL,NULL,NULL,NULL,NULL,''),(3225,'E41804',NULL,NULL,NULL,NULL,NULL,NULL,''),(3226,'E42001',NULL,NULL,NULL,NULL,NULL,NULL,''),(3227,'E42002',NULL,NULL,NULL,NULL,NULL,NULL,''),(3228,'E42101',NULL,NULL,NULL,NULL,NULL,NULL,''),(3229,'E42102',NULL,NULL,NULL,NULL,NULL,NULL,''),(3230,'E42103',NULL,NULL,NULL,NULL,NULL,NULL,''),(3231,'E42602',NULL,NULL,NULL,NULL,NULL,NULL,''),(3232,'E43101',NULL,NULL,NULL,NULL,NULL,NULL,''),(3233,'E43102',NULL,NULL,NULL,NULL,NULL,NULL,''),(3234,'E43201',NULL,NULL,NULL,NULL,NULL,NULL,''),(3235,'FOT001',NULL,NULL,'1',NULL,NULL,NULL,'0'),(3236,'JAM',NULL,NULL,NULL,NULL,NULL,NULL,''),(3237,'NOD10',NULL,NULL,NULL,NULL,NULL,NULL,''),(3238,'NOD20',NULL,NULL,NULL,NULL,NULL,NULL,''),(3239,'NOD30',NULL,NULL,NULL,NULL,NULL,NULL,''),(3240,'NOD40',NULL,NULL,NULL,NULL,NULL,NULL,''),(3241,'NOD50',NULL,NULL,NULL,NULL,NULL,NULL,''),(3242,'NOD60',NULL,NULL,NULL,NULL,NULL,NULL,''),(3243,'P601',NULL,NULL,NULL,NULL,NULL,NULL,''),(3244,'P602',NULL,NULL,NULL,NULL,NULL,NULL,''),(3245,'P603',NULL,NULL,NULL,NULL,NULL,NULL,''),(3246,'P604',NULL,NULL,NULL,NULL,NULL,NULL,''),(3247,'P606',NULL,NULL,NULL,NULL,NULL,NULL,''),(3248,'P607',NULL,NULL,NULL,NULL,NULL,NULL,''),(3249,'P608',NULL,NULL,NULL,NULL,NULL,NULL,''),(3250,'P609',NULL,NULL,NULL,NULL,NULL,NULL,''),(3251,'P610',NULL,NULL,NULL,NULL,NULL,NULL,''),(3252,'P611',NULL,NULL,NULL,NULL,NULL,NULL,''),(3253,'P612',NULL,NULL,NULL,NULL,NULL,NULL,''),(3254,'P613',NULL,NULL,NULL,NULL,NULL,NULL,''),(3255,'P614',NULL,NULL,NULL,NULL,NULL,NULL,''),(3256,'P615',NULL,NULL,NULL,NULL,NULL,NULL,''),(3257,'P616',NULL,NULL,NULL,NULL,NULL,NULL,''),(3258,'P617',NULL,NULL,NULL,NULL,NULL,NULL,''),(3259,'P618',NULL,NULL,NULL,NULL,NULL,NULL,''),(3260,'P619',NULL,NULL,NULL,NULL,NULL,NULL,''),(3261,'P620',NULL,NULL,NULL,NULL,NULL,NULL,''),(3262,'P621',NULL,NULL,NULL,NULL,NULL,NULL,''),(3263,'P622',NULL,NULL,NULL,NULL,NULL,NULL,''),(3264,'RAD0011',NULL,NULL,NULL,NULL,NULL,NULL,''),(3265,'RAD0012',NULL,NULL,NULL,NULL,NULL,NULL,''),(3266,'RAD0021',NULL,NULL,NULL,NULL,NULL,NULL,''),(3267,'RAD0022',NULL,NULL,NULL,NULL,NULL,NULL,''),(3268,'RAD0031',NULL,NULL,NULL,NULL,NULL,NULL,''),(3269,'RAD0032',NULL,NULL,NULL,NULL,NULL,NULL,''),(3270,'SP801',NULL,NULL,NULL,NULL,NULL,NULL,''),(3271,'SP803',NULL,NULL,NULL,NULL,NULL,NULL,''),(3272,'SP804',NULL,NULL,NULL,NULL,NULL,NULL,''),(3273,'SP805',NULL,NULL,NULL,NULL,NULL,NULL,''),(3274,'SP806',NULL,NULL,NULL,NULL,NULL,NULL,''),(3275,'SP807',NULL,NULL,NULL,NULL,NULL,NULL,''),(3276,'SP808',NULL,NULL,NULL,NULL,NULL,NULL,''),(3277,'SP809',NULL,NULL,NULL,NULL,NULL,NULL,''),(3278,'SP810',NULL,NULL,NULL,NULL,NULL,NULL,''),(3279,'SP811',NULL,NULL,NULL,NULL,NULL,NULL,''),(3280,'SP812',NULL,NULL,NULL,NULL,NULL,NULL,''),(3281,'SP813',NULL,NULL,NULL,NULL,NULL,NULL,''),(3282,'SP814',NULL,NULL,NULL,NULL,NULL,NULL,''),(3283,'SP815',NULL,NULL,NULL,NULL,NULL,NULL,''),(3284,'SP816',NULL,NULL,NULL,NULL,NULL,NULL,''),(3285,'SP817',NULL,NULL,NULL,NULL,NULL,NULL,''),(3286,'SP818',NULL,NULL,NULL,NULL,NULL,NULL,''),(3287,'SP819',NULL,NULL,NULL,NULL,NULL,NULL,''),(3288,'SP820',NULL,NULL,NULL,NULL,NULL,NULL,''),(3289,'SP821',NULL,NULL,NULL,NULL,NULL,NULL,''),(3290,'SP822',NULL,NULL,NULL,NULL,NULL,NULL,''),(3291,'SP823',NULL,NULL,NULL,NULL,NULL,NULL,''),(3292,'SP824',NULL,NULL,NULL,NULL,NULL,NULL,''),(3293,'SP825',NULL,NULL,NULL,NULL,NULL,NULL,''),(3294,'SP826',NULL,NULL,NULL,NULL,NULL,NULL,''),(3295,'SP827',NULL,NULL,NULL,NULL,NULL,NULL,''),(3296,'SP828',NULL,NULL,NULL,NULL,NULL,NULL,''),(3297,'SP829',NULL,NULL,NULL,NULL,NULL,NULL,''),(3298,'SP830',NULL,NULL,NULL,NULL,NULL,NULL,''),(3299,'SP831',NULL,NULL,NULL,NULL,NULL,NULL,''),(3300,'SP832',NULL,NULL,NULL,NULL,NULL,NULL,''),(3301,'SP833',NULL,NULL,NULL,NULL,NULL,NULL,''),(3302,'SP834',NULL,NULL,NULL,NULL,NULL,NULL,''),(3303,'SP835',NULL,NULL,NULL,NULL,NULL,NULL,''),(3304,'SP836',NULL,NULL,NULL,NULL,NULL,NULL,''),(3305,'SP837',NULL,NULL,NULL,NULL,NULL,NULL,''),(3306,'SP838',NULL,NULL,NULL,NULL,NULL,NULL,''),(3307,'SP839',NULL,NULL,NULL,NULL,NULL,NULL,''),(3308,'SP840',NULL,NULL,NULL,NULL,NULL,NULL,''),(3309,'SP841',NULL,NULL,NULL,NULL,NULL,NULL,''),(3310,'SP842',NULL,NULL,NULL,NULL,NULL,NULL,''),(3311,'SP843',NULL,NULL,NULL,NULL,NULL,NULL,''),(3312,'SP844',NULL,NULL,NULL,NULL,NULL,NULL,''),(3313,'SP845',NULL,NULL,NULL,NULL,NULL,NULL,''),(3314,'SP846',NULL,NULL,NULL,NULL,NULL,NULL,''),(3315,'SP847',NULL,NULL,NULL,NULL,NULL,NULL,''),(3316,'SP848',NULL,NULL,NULL,NULL,NULL,NULL,''),(3317,'SP849',NULL,NULL,NULL,NULL,NULL,NULL,''),(3318,'SP850',NULL,NULL,NULL,NULL,NULL,NULL,''),(3319,'SP851',NULL,NULL,NULL,NULL,NULL,NULL,''),(3320,'SP852',NULL,NULL,NULL,NULL,NULL,NULL,''),(3321,'SP853',NULL,NULL,NULL,NULL,NULL,NULL,''),(3322,'SP854',NULL,NULL,NULL,NULL,NULL,NULL,''),(3323,'SP855',NULL,NULL,NULL,NULL,NULL,NULL,''),(3324,'SP856',NULL,NULL,NULL,NULL,NULL,NULL,''),(3325,'TV 017',NULL,NULL,NULL,NULL,NULL,NULL,''),(3326,'TV 030',NULL,NULL,NULL,NULL,NULL,NULL,''),(3327,'TV 032',NULL,NULL,'1',NULL,NULL,NULL,'103'),(3328,'TV 034',NULL,NULL,NULL,NULL,NULL,NULL,''),(3329,'TV 040',NULL,NULL,NULL,NULL,NULL,NULL,''),(3330,'TV 051',NULL,NULL,NULL,NULL,NULL,NULL,''),(3331,'TV 059',NULL,NULL,NULL,NULL,NULL,NULL,''),(3332,'TV 065',NULL,NULL,NULL,NULL,NULL,NULL,''),(3333,'TV 067',NULL,NULL,NULL,NULL,NULL,NULL,''),(3334,'TV 101',NULL,NULL,NULL,NULL,NULL,NULL,''),(3335,'TV 102',NULL,NULL,NULL,NULL,NULL,NULL,''),(3336,'TV 103 ',NULL,NULL,NULL,NULL,NULL,NULL,''),(3337,'TV 104 ',NULL,NULL,NULL,NULL,NULL,NULL,''),(3338,'TV 105',NULL,NULL,NULL,NULL,NULL,NULL,''),(3339,'TV 106',NULL,NULL,NULL,NULL,NULL,NULL,''),(3340,'TV 107',NULL,NULL,NULL,NULL,NULL,NULL,''),(3341,'TV 108',NULL,NULL,NULL,NULL,NULL,NULL,''),(3342,'TV 109',NULL,NULL,NULL,NULL,NULL,NULL,''),(3343,'TV 110',NULL,NULL,NULL,NULL,NULL,NULL,''),(3344,'TV 111',NULL,NULL,NULL,NULL,NULL,NULL,''),(3345,'TV 112',NULL,NULL,NULL,NULL,NULL,NULL,''),(3346,'TV 113',NULL,NULL,NULL,NULL,NULL,NULL,''),(3347,'TV 114',NULL,NULL,NULL,NULL,NULL,NULL,''),(3348,'TV 115',NULL,NULL,NULL,NULL,NULL,NULL,''),(3349,'TV 116',NULL,NULL,NULL,NULL,NULL,NULL,''),(3350,'TV 117',NULL,NULL,NULL,NULL,NULL,NULL,''),(3351,'TV 118',NULL,NULL,NULL,NULL,NULL,NULL,''),(3352,'TV 119',NULL,NULL,NULL,NULL,NULL,NULL,''),(3353,'TV 120',NULL,NULL,NULL,NULL,NULL,NULL,''),(3354,'TV 121',NULL,NULL,NULL,NULL,NULL,NULL,''),(3355,'TV 122',NULL,NULL,NULL,NULL,NULL,NULL,''),(3356,'TV 123',NULL,NULL,NULL,NULL,NULL,NULL,''),(3357,'TV 124',NULL,NULL,NULL,NULL,NULL,NULL,''),(3358,'TV 125',NULL,NULL,NULL,NULL,NULL,NULL,''),(3359,'TV 126',NULL,NULL,NULL,NULL,NULL,NULL,''),(3360,'TV 127',NULL,NULL,NULL,NULL,NULL,NULL,''),(3361,'TV 128',NULL,NULL,NULL,NULL,NULL,NULL,''),(3362,'TV 129',NULL,NULL,NULL,NULL,NULL,NULL,''),(3363,'TV 130',NULL,NULL,NULL,NULL,NULL,NULL,''),(3364,'TV 131',NULL,NULL,NULL,NULL,NULL,NULL,''),(3365,'TV 132',NULL,NULL,NULL,NULL,NULL,NULL,''),(3366,'TV 133',NULL,NULL,NULL,NULL,NULL,NULL,''),(3367,'TV 134',NULL,NULL,NULL,NULL,NULL,NULL,''),(3368,'TV 135',NULL,NULL,NULL,NULL,NULL,NULL,''),(3369,'TV 136',NULL,NULL,NULL,NULL,NULL,NULL,''),(3370,'TV 137',NULL,NULL,NULL,NULL,NULL,NULL,''),(3371,'TV 138',NULL,NULL,NULL,NULL,NULL,NULL,''),(3372,'TV 139',NULL,NULL,NULL,NULL,NULL,NULL,''),(3373,'TV 140',NULL,NULL,NULL,NULL,NULL,NULL,''),(3374,'TV 141',NULL,NULL,NULL,NULL,NULL,NULL,''),(3375,'TV 142',NULL,NULL,NULL,NULL,NULL,NULL,''),(3376,'TV 143',NULL,NULL,NULL,NULL,NULL,NULL,''),(3377,'TV 144',NULL,NULL,NULL,NULL,NULL,NULL,''),(3378,'TV 145',NULL,NULL,NULL,NULL,NULL,NULL,''),(3379,'TV 146',NULL,NULL,NULL,NULL,NULL,NULL,''),(3380,'TV 147',NULL,NULL,NULL,NULL,NULL,NULL,''),(3381,'TV 148',NULL,NULL,NULL,NULL,NULL,NULL,''),(3382,'TV 149',NULL,NULL,NULL,NULL,NULL,NULL,''),(3383,'TV 156',NULL,NULL,NULL,NULL,NULL,NULL,''),(3384,'TV 157',NULL,NULL,NULL,NULL,NULL,NULL,''),(3385,'TV 158',NULL,NULL,NULL,NULL,NULL,NULL,''),(3386,'TV 159',NULL,NULL,NULL,NULL,NULL,NULL,''),(3387,'TV 160',NULL,NULL,NULL,NULL,NULL,NULL,''),(3388,'TV 161',NULL,NULL,NULL,NULL,NULL,NULL,''),(3389,'TV 162',NULL,NULL,NULL,NULL,NULL,NULL,''),(3390,'TV 163',NULL,NULL,NULL,NULL,NULL,NULL,''),(3391,'TV 164',NULL,NULL,NULL,NULL,NULL,NULL,''),(3392,'TV 165',NULL,NULL,NULL,NULL,NULL,NULL,''),(3393,'TV 166',NULL,NULL,NULL,NULL,NULL,NULL,''),(3394,'TV 167',NULL,NULL,NULL,NULL,NULL,NULL,''),(3395,'TV 168',NULL,NULL,NULL,NULL,NULL,NULL,''),(3396,'TV 169',NULL,NULL,NULL,NULL,NULL,NULL,''),(3397,'TV 170',NULL,NULL,NULL,NULL,NULL,NULL,''),(3398,'TV 171',NULL,NULL,NULL,NULL,NULL,NULL,''),(3399,'TV 172',NULL,NULL,NULL,NULL,NULL,NULL,''),(3400,'TV 173',NULL,NULL,NULL,NULL,NULL,NULL,''),(3401,'TV 174',NULL,NULL,NULL,NULL,NULL,NULL,''),(3402,'TV 175',NULL,NULL,NULL,NULL,NULL,NULL,''),(3403,'TV 176',NULL,NULL,NULL,NULL,NULL,NULL,''),(3404,'TV 177',NULL,NULL,NULL,NULL,NULL,NULL,''),(3405,'TV 179',NULL,NULL,NULL,NULL,NULL,NULL,''),(3406,'TV 180',NULL,NULL,NULL,NULL,NULL,NULL,''),(3407,'TV 181',NULL,NULL,NULL,NULL,NULL,NULL,''),(3408,'TV 182',NULL,NULL,NULL,NULL,NULL,NULL,''),(3409,'TV 183',NULL,NULL,NULL,NULL,NULL,NULL,''),(3410,'TV 184',NULL,NULL,NULL,NULL,NULL,NULL,''),(3411,'TV 185',NULL,NULL,NULL,NULL,NULL,NULL,''),(3412,'TV WEB 003',NULL,NULL,NULL,NULL,NULL,NULL,''),(3413,'TV WEB 004',NULL,NULL,NULL,NULL,NULL,NULL,''),(3414,'TV WEB 006',NULL,NULL,NULL,NULL,NULL,NULL,''),(3415,'TV WEB 007',NULL,NULL,NULL,NULL,NULL,NULL,''),(3416,'TV WEB 008',NULL,NULL,NULL,NULL,NULL,NULL,''),(3417,'TV WEB 011',NULL,NULL,NULL,NULL,NULL,NULL,''),(3418,'TV WEB 012',NULL,NULL,NULL,NULL,NULL,NULL,''),(3419,'TV WEB 015',NULL,NULL,NULL,NULL,NULL,NULL,''),(3420,'TV WEB 016',NULL,NULL,NULL,NULL,NULL,NULL,''),(3421,'TV WEB 018',NULL,NULL,NULL,NULL,NULL,NULL,''),(3422,'TV WEB 021',NULL,NULL,NULL,NULL,NULL,NULL,''),(3423,'TV WEB 022',NULL,NULL,NULL,NULL,NULL,NULL,''),(3424,'TV WEB 026',NULL,NULL,NULL,NULL,NULL,NULL,''),(3425,'TV WEB 028',NULL,NULL,NULL,NULL,NULL,NULL,''),(3426,'TV WEB 029',NULL,NULL,NULL,NULL,NULL,NULL,''),(3427,'TV WEB 039',NULL,NULL,NULL,NULL,NULL,NULL,''),(3428,'TV WEB 048',NULL,NULL,NULL,NULL,NULL,NULL,''),(3429,'TV WEB 058',NULL,NULL,NULL,NULL,NULL,NULL,''),(3430,'TV WEB 100',NULL,NULL,NULL,NULL,NULL,NULL,''),(3431,'TV WEB 103',NULL,NULL,NULL,NULL,NULL,NULL,''),(3432,'TV WEB 108',NULL,NULL,NULL,NULL,NULL,NULL,''),(3433,'TV WEB 112',NULL,NULL,NULL,NULL,NULL,NULL,''),(3434,'TV WEB 115',NULL,NULL,NULL,NULL,NULL,NULL,''),(3435,'TV WEB 203',NULL,NULL,NULL,NULL,NULL,NULL,''),(3436,'TV WEB 208',NULL,NULL,NULL,NULL,NULL,NULL,''),(3437,'TV WEB 226',NULL,NULL,NULL,NULL,NULL,NULL,''),(3438,'TV WEB 227',NULL,NULL,NULL,NULL,NULL,NULL,''),(3439,'TV WEB 228',NULL,NULL,NULL,NULL,NULL,NULL,''),(3440,'TV WEB 229',NULL,NULL,NULL,NULL,NULL,NULL,''),(3441,'TV WEB 230',NULL,NULL,NULL,NULL,NULL,NULL,''),(3442,'TV WEB 231',NULL,NULL,NULL,NULL,NULL,NULL,''),(3443,'TV WEB 232',NULL,NULL,NULL,NULL,NULL,NULL,''),(3444,'TV WEB 233',NULL,NULL,NULL,NULL,NULL,NULL,''),(3445,'TV WEB 234',NULL,NULL,NULL,NULL,NULL,NULL,''),(3446,'TV WEB 235',NULL,NULL,NULL,NULL,NULL,NULL,'');
/*!40000 ALTER TABLE `inventario` ENABLE KEYS */;
UNLOCK TABLES;

--
-- Table structure for table `invidentes`
--

DROP TABLE IF EXISTS `invidentes`;
/*!40101 SET @saved_cs_client     = @@character_set_client */;
/*!50503 SET character_set_client = utf8mb4 */;
CREATE TABLE `invidentes` (
  `id` int(10) unsigned NOT NULL AUTO_INCREMENT,
  `idInstalacion` varchar(255) DEFAULT NULL,
  `idTipoActuacion` int(11) DEFAULT NULL,
  `idNumSerie` varchar(255) DEFAULT NULL,
  `idUsuario` varchar(250) NOT NULL,
  `observaciones` varchar(255) DEFAULT NULL,
  `fechaActuacion` date DEFAULT NULL,
  `precio` int(11) DEFAULT NULL,
  `activo` varchar(255) NOT NULL,
  `albaran` int(11) NOT NULL,
  PRIMARY KEY (`id`),
  KEY `idInstalacion` (`idInstalacion`),
  KEY `idTipoActuación` (`idTipoActuacion`),
  KEY `idNumSerie` (`idNumSerie`),
  KEY `idUsuario` (`idUsuario`)
) ENGINE=MyISAM AUTO_INCREMENT=2 DEFAULT CHARSET=utf8;
/*!40101 SET character_set_client = @saved_cs_client */;

--
-- Dumping data for table `invidentes`
--

LOCK TABLES `invidentes` WRITE;
/*!40000 ALTER TABLE `invidentes` DISABLE KEYS */;
INSERT INTO `invidentes` VALUES (1,'1',4,'222','1','1222','2019-08-26',222,'true',2222);
/*!40000 ALTER TABLE `invidentes` ENABLE KEYS */;
UNLOCK TABLES;

--
-- Table structure for table `led`
--

DROP TABLE IF EXISTS `led`;
/*!40101 SET @saved_cs_client     = @@character_set_client */;
/*!50503 SET character_set_client = utf8mb4 */;
CREATE TABLE `led` (
  `id` int(10) unsigned NOT NULL AUTO_INCREMENT,
  `idInstalacion` varchar(255) DEFAULT NULL,
  `color` varchar(255) DEFAULT NULL,
  `idNumSerie` varchar(255) DEFAULT NULL,
  `idUsuario` varchar(250) NOT NULL,
  `observaciones` varchar(255) DEFAULT NULL,
  `fechaActuacion` date DEFAULT NULL,
  `activo` varchar(255) NOT NULL,
  `albaran` int(11) DEFAULT NULL,
  `tipo` varchar(45) DEFAULT NULL,
  `grupo` varchar(45) DEFAULT NULL,
  PRIMARY KEY (`id`),
  KEY `idInstalacion` (`idInstalacion`),
  KEY `idTipoActuación` (`color`),
  KEY `idNumSerie` (`idNumSerie`),
  KEY `idUsuario` (`idUsuario`)
) ENGINE=MyISAM AUTO_INCREMENT=10 DEFAULT CHARSET=utf8;
/*!40101 SET character_set_client = @saved_cs_client */;

--
-- Dumping data for table `led`
--

LOCK TABLES `led` WRITE;
/*!40000 ALTER TABLE `led` DISABLE KEYS */;
INSERT INTO `led` VALUES (1,'1','3','22','1','123123','2019-08-22','true',222,'200 mm Bici','A2'),(4,'1','Ambar','aaaa','1','caca','2019-09-12','true',2,'200 mm','caca'),(5,'1','Ambar','22','1','caca','2019-09-12','true',2,'200 mm','caca'),(6,'1','','22','1','','2019-09-21','true',0,'',''),(7,'1','','22','1','','2019-09-05','true',0,'',''),(8,'10','Rojo','312dd','1','','2019-09-13','true',0,'200 mm','1'),(9,'100','Rojo','0','dtrillo','','2019-10-18','false',0,'200 mm','');
/*!40000 ALTER TABLE `led` ENABLE KEYS */;
UNLOCK TABLES;

--
-- Table structure for table `mfo`
--

DROP TABLE IF EXISTS `mfo`;
/*!40101 SET @saved_cs_client     = @@character_set_client */;
/*!50503 SET character_set_client = utf8mb4 */;
CREATE TABLE `mfo` (
  `id` int(10) unsigned NOT NULL AUTO_INCREMENT,
  `idInstalacion` varchar(255) DEFAULT NULL,
  `idUsuario` varchar(250) NOT NULL,
  `observaciones` varchar(255) DEFAULT NULL,
  `resolucion` varchar(255) DEFAULT NULL,
  `fechaActuacion` date DEFAULT NULL,
  `fechaInspeccion` date DEFAULT NULL,
  `precio` decimal(5,2) DEFAULT NULL,
  PRIMARY KEY (`id`),
  KEY `idInstalacion` (`idInstalacion`),
  KEY `idUsuario` (`idUsuario`)
) ENGINE=MyISAM AUTO_INCREMENT=13 DEFAULT CHARSET=utf8;
/*!40101 SET character_set_client = @saved_cs_client */;

--
-- Dumping data for table `mfo`
--

LOCK TABLES `mfo` WRITE;
/*!40000 ALTER TABLE `mfo` DISABLE KEYS */;
INSERT INTO `mfo` VALUES (10,'1','1','21','true','2019-10-10','2019-10-18',72.00),(9,'104','1','2342','true','2019-09-12','2019-08-29',2.00),(3,'1','1','1234','false','2019-08-14','2019-08-14',1.00),(4,'13','1','1234','true','2019-08-14','2019-08-14',1.00),(5,'209','1','1545','true','2019-08-07','2019-08-07',1.00),(6,'209','1','1545','true','2019-08-07','2019-08-07',1.00),(8,'104','1','252345534 ajkshflaksfhksljfh lskjfh djhasñldkfj añsljfñlsjf ñsalkjf ñlskdfjña slkfj sñldkjf sñldkjfa ñsldkjf asñldkfj asñldkjf sldkjf','true','2019-08-15','2019-08-07',1.00),(11,'1','1','21','true','2019-10-09','2019-10-15',72.42),(12,'1','1','21','true','2019-10-16','2019-10-24',72.42);
/*!40000 ALTER TABLE `mfo` ENABLE KEYS */;
UNLOCK TABLES;

--
-- Table structure for table `mfoacires`
--

DROP TABLE IF EXISTS `mfoacires`;
/*!40101 SET @saved_cs_client     = @@character_set_client */;
/*!50503 SET character_set_client = utf8mb4 */;
CREATE TABLE `mfoacires` (
  `id` int(10) unsigned NOT NULL AUTO_INCREMENT,
  `idInstalacion` varchar(255) DEFAULT NULL,
  `idUsuario` varchar(250) NOT NULL,
  `observaciones` varchar(255) DEFAULT NULL,
  `resolucion` varchar(255) DEFAULT NULL,
  `fechaActuacion` date DEFAULT NULL,
  `fechaInspeccion` date DEFAULT NULL,
  `precio` decimal(5,2) DEFAULT NULL,
  PRIMARY KEY (`id`),
  KEY `idInstalacion` (`idInstalacion`),
  KEY `idUsuario` (`idUsuario`)
) ENGINE=MyISAM AUTO_INCREMENT=15 DEFAULT CHARSET=utf8;
/*!40101 SET character_set_client = @saved_cs_client */;

--
-- Dumping data for table `mfoacires`
--

LOCK TABLES `mfoacires` WRITE;
/*!40000 ALTER TABLE `mfoacires` DISABLE KEYS */;
INSERT INTO `mfoacires` VALUES (13,'A5001','1','23','true','2019-10-24','2019-10-18',1.00),(11,'A5001','1','23','true','2019-10-24','2019-10-18',12.00),(12,'A5001','1','23','true','2019-10-24','2019-10-18',1.00),(14,'A5001','1','23','true','2019-10-24','2019-10-18',1.00);
/*!40000 ALTER TABLE `mfoacires` ENABLE KEYS */;
UNLOCK TABLES;

--
-- Table structure for table `mfocargadores`
--

DROP TABLE IF EXISTS `mfocargadores`;
/*!40101 SET @saved_cs_client     = @@character_set_client */;
/*!50503 SET character_set_client = utf8mb4 */;
CREATE TABLE `mfocargadores` (
  `id` int(10) unsigned NOT NULL AUTO_INCREMENT,
  `idInstalacion` varchar(255) DEFAULT NULL,
  `idUsuario` varchar(250) NOT NULL,
  `observaciones` varchar(255) DEFAULT NULL,
  `resolucion` varchar(255) DEFAULT NULL,
  `fechaActuacion` date DEFAULT NULL,
  `fechaInspeccion` date DEFAULT NULL,
  `precio` decimal(5,2) DEFAULT NULL,
  PRIMARY KEY (`id`),
  KEY `idInstalacion` (`idInstalacion`),
  KEY `idUsuario` (`idUsuario`)
) ENGINE=MyISAM AUTO_INCREMENT=4 DEFAULT CHARSET=utf8;
/*!40101 SET character_set_client = @saved_cs_client */;

--
-- Dumping data for table `mfocargadores`
--

LOCK TABLES `mfocargadores` WRITE;
/*!40000 ALTER TABLE `mfocargadores` DISABLE KEYS */;
INSERT INTO `mfocargadores` VALUES (1,'C704','1','22','true','2019-09-19','2019-09-13',2.00),(2,'C708','1','22','true','2019-09-19','2019-09-04',1.00),(3,'C704','1','','true','2019-09-04','2019-09-04',22.00);
/*!40000 ALTER TABLE `mfocargadores` ENABLE KEYS */;
UNLOCK TABLES;

--
-- Table structure for table `mfoespiras`
--

DROP TABLE IF EXISTS `mfoespiras`;
/*!40101 SET @saved_cs_client     = @@character_set_client */;
/*!50503 SET character_set_client = utf8mb4 */;
CREATE TABLE `mfoespiras` (
  `id` int(10) unsigned NOT NULL AUTO_INCREMENT,
  `idInstalacion` varchar(255) DEFAULT NULL,
  `idUsuario` varchar(250) NOT NULL,
  `observaciones` varchar(255) DEFAULT NULL,
  `resolucion` varchar(255) DEFAULT NULL,
  `fechaActuacion` date DEFAULT NULL,
  `fechaInspeccion` date DEFAULT NULL,
  `precio` decimal(5,2) DEFAULT NULL,
  PRIMARY KEY (`id`),
  KEY `idInstalacion` (`idInstalacion`),
  KEY `idUsuario` (`idUsuario`)
) ENGINE=MyISAM AUTO_INCREMENT=4 DEFAULT CHARSET=utf8;
/*!40101 SET character_set_client = @saved_cs_client */;

--
-- Dumping data for table `mfoespiras`
--

LOCK TABLES `mfoespiras` WRITE;
/*!40000 ALTER TABLE `mfoespiras` DISABLE KEYS */;
INSERT INTO `mfoespiras` VALUES (2,'E01101','1',NULL,'true','2019-10-10','2019-10-16',2.00),(3,'E01705','1',NULL,'true','2019-10-10','2019-10-16',2.00);
/*!40000 ALTER TABLE `mfoespiras` ENABLE KEYS */;
UNLOCK TABLES;

--
-- Table structure for table `mfopp`
--

DROP TABLE IF EXISTS `mfopp`;
/*!40101 SET @saved_cs_client     = @@character_set_client */;
/*!50503 SET character_set_client = utf8mb4 */;
CREATE TABLE `mfopp` (
  `id` int(10) unsigned NOT NULL AUTO_INCREMENT,
  `idInstalacion` varchar(255) DEFAULT NULL,
  `idUsuario` varchar(250) NOT NULL,
  `observaciones` varchar(255) DEFAULT NULL,
  `resolucion` varchar(255) DEFAULT NULL,
  `fechaActuacion` date DEFAULT NULL,
  `fechaInspeccion` date DEFAULT NULL,
  `precio` decimal(5,2) DEFAULT NULL,
  PRIMARY KEY (`id`),
  KEY `idInstalacion` (`idInstalacion`),
  KEY `idUsuario` (`idUsuario`)
) ENGINE=MyISAM AUTO_INCREMENT=5 DEFAULT CHARSET=utf8;
/*!40101 SET character_set_client = @saved_cs_client */;

--
-- Dumping data for table `mfopp`
--

LOCK TABLES `mfopp` WRITE;
/*!40000 ALTER TABLE `mfopp` DISABLE KEYS */;
INSERT INTO `mfopp` VALUES (2,'SP808','1','2','true','2019-10-02','2019-10-15',2.00),(3,'SP809','1','2','true','2019-10-02','2019-10-15',2.00),(4,'SP809','1','2','true','2019-10-02','2019-10-15',2.00);
/*!40000 ALTER TABLE `mfopp` ENABLE KEYS */;
UNLOCK TABLES;

--
-- Table structure for table `numserie`
--

DROP TABLE IF EXISTS `numserie`;
/*!40101 SET @saved_cs_client     = @@character_set_client */;
/*!50503 SET character_set_client = utf8mb4 */;
CREATE TABLE `numserie` (
  `id` int(10) unsigned NOT NULL AUTO_INCREMENT,
  `numero` varchar(255) DEFAULT NULL,
  `idUsuario` varchar(250) NOT NULL,
  PRIMARY KEY (`id`),
  KEY `idUsuario` (`idUsuario`)
) ENGINE=MyISAM DEFAULT CHARSET=utf8;
/*!40101 SET character_set_client = @saved_cs_client */;

--
-- Dumping data for table `numserie`
--

LOCK TABLES `numserie` WRITE;
/*!40000 ALTER TABLE `numserie` DISABLE KEYS */;
/*!40000 ALTER TABLE `numserie` ENABLE KEYS */;
UNLOCK TABLES;

--
-- Table structure for table `oculta`
--

DROP TABLE IF EXISTS `oculta`;
/*!40101 SET @saved_cs_client     = @@character_set_client */;
/*!50503 SET character_set_client = utf8mb4 */;
CREATE TABLE `oculta` (
  `id` int(10) unsigned NOT NULL AUTO_INCREMENT,
  `idInstalacion` varchar(255) DEFAULT NULL,
  `idTipoActuacion` int(11) DEFAULT NULL,
  `idNumSerie` varchar(255) DEFAULT NULL,
  `idUsuario` varchar(250) NOT NULL,
  `observaciones` varchar(255) DEFAULT NULL,
  `fechaActuacion` date DEFAULT NULL,
  `precio` int(11) DEFAULT NULL,
  `activo` varchar(255) NOT NULL,
  `albaran` int(11) NOT NULL,
  PRIMARY KEY (`id`),
  KEY `idInstalacion` (`idInstalacion`),
  KEY `idTipoActuación` (`idTipoActuacion`),
  KEY `idNumSerie` (`idNumSerie`),
  KEY `idUsuario` (`idUsuario`)
) ENGINE=MyISAM AUTO_INCREMENT=4 DEFAULT CHARSET=utf8;
/*!40101 SET character_set_client = @saved_cs_client */;

--
-- Dumping data for table `oculta`
--

LOCK TABLES `oculta` WRITE;
/*!40000 ALTER TABLE `oculta` DISABLE KEYS */;
INSERT INTO `oculta` VALUES (3,'1',4,'1','dtrillo','123','2019-10-26',2,'true',23);
/*!40000 ALTER TABLE `oculta` ENABLE KEYS */;
UNLOCK TABLES;

--
-- Table structure for table `pantallascon`
--

DROP TABLE IF EXISTS `pantallascon`;
/*!40101 SET @saved_cs_client     = @@character_set_client */;
/*!50503 SET character_set_client = utf8mb4 */;
CREATE TABLE `pantallascon` (
  `id` int(10) unsigned NOT NULL AUTO_INCREMENT,
  `idInstalacion` varchar(255) DEFAULT NULL,
  `idTipoActuacion` int(11) DEFAULT NULL,
  `idNumSerie` varchar(255) DEFAULT NULL,
  `idUsuario` varchar(250) NOT NULL,
  `observaciones` varchar(255) DEFAULT NULL,
  `fechaActuacion` date DEFAULT NULL,
  `precio` int(11) DEFAULT NULL,
  `activo` varchar(255) NOT NULL,
  `albaran` int(11) NOT NULL,
  PRIMARY KEY (`id`),
  KEY `idInstalacion` (`idInstalacion`),
  KEY `idTipoActuación` (`idTipoActuacion`),
  KEY `idNumSerie` (`idNumSerie`),
  KEY `idUsuario` (`idUsuario`)
) ENGINE=MyISAM AUTO_INCREMENT=2 DEFAULT CHARSET=utf8;
/*!40101 SET character_set_client = @saved_cs_client */;

--
-- Dumping data for table `pantallascon`
--

LOCK TABLES `pantallascon` WRITE;
/*!40000 ALTER TABLE `pantallascon` DISABLE KEYS */;
INSERT INTO `pantallascon` VALUES (1,'1',3,'123','1','tdfgdfgsdfg','2019-08-22',123,'true',123);
/*!40000 ALTER TABLE `pantallascon` ENABLE KEYS */;
UNLOCK TABLES;

--
-- Table structure for table `pintura`
--

DROP TABLE IF EXISTS `pintura`;
/*!40101 SET @saved_cs_client     = @@character_set_client */;
/*!50503 SET character_set_client = utf8mb4 */;
CREATE TABLE `pintura` (
  `id` int(10) unsigned NOT NULL AUTO_INCREMENT,
  `idInstalacion` varchar(255) DEFAULT NULL,
  `idUsuario` varchar(250) NOT NULL,
  `observaciones` varchar(255) DEFAULT NULL,
  `fechaActuacion` date DEFAULT NULL,
  `fechaInspeccion` date DEFAULT NULL,
  `resolucion` varchar(255) NOT NULL,
  PRIMARY KEY (`id`),
  KEY `idInstalacion` (`idInstalacion`),
  KEY `idUsuario` (`idUsuario`)
) ENGINE=MyISAM AUTO_INCREMENT=15 DEFAULT CHARSET=utf8;
/*!40101 SET character_set_client = @saved_cs_client */;

--
-- Dumping data for table `pintura`
--

LOCK TABLES `pintura` WRITE;
/*!40000 ALTER TABLE `pintura` DISABLE KEYS */;
INSERT INTO `pintura` VALUES (11,'209','1','1545','2019-08-07','2019-08-07','true'),(10,'100','1','ADFGHSDFHSDH234214','2019-08-09','2019-08-21','true'),(13,'','1',NULL,NULL,NULL,'true'),(14,'10','1',NULL,NULL,NULL,'true'),(12,'426','1',NULL,'2019-09-12','2019-09-05','true'),(9,'209','1',NULL,'2019-08-07','2019-08-07','true');
/*!40000 ALTER TABLE `pintura` ENABLE KEYS */;
UNLOCK TABLES;

--
-- Table structure for table `preciosmfo`
--

DROP TABLE IF EXISTS `preciosmfo`;
/*!40101 SET @saved_cs_client     = @@character_set_client */;
/*!50503 SET character_set_client = utf8mb4 */;
CREATE TABLE `preciosmfo` (
  `idconfiguracion` int(11) NOT NULL,
  `preciogrupo1` decimal(4,2) DEFAULT NULL,
  `preciogrupo2` decimal(4,2) DEFAULT NULL,
  `preciogrupo3` decimal(4,2) DEFAULT NULL,
  `preciogrupo4` decimal(4,2) DEFAULT NULL,
  `numerogrupo11` int(11) DEFAULT NULL,
  `numerogrupo12` int(11) DEFAULT NULL,
  `numerogrupo21` int(11) DEFAULT NULL,
  `numerogrupo22` int(11) DEFAULT NULL,
  `numerogrupo31` int(11) DEFAULT NULL,
  `numerogrupo32` int(11) DEFAULT NULL,
  `numerogrupo41` int(11) DEFAULT NULL,
  `idUsuario` varchar(250) DEFAULT NULL,
  PRIMARY KEY (`idconfiguracion`)
) ENGINE=MyISAM AUTO_INCREMENT=2 DEFAULT CHARSET=utf8mb4;
/*!40101 SET character_set_client = @saved_cs_client */;

--
-- Dumping data for table `preciosmfo`
--

LOCK TABLES `preciosmfo` WRITE;
/*!40000 ALTER TABLE `preciosmfo` DISABLE KEYS */;
INSERT INTO `preciosmfo` VALUES (1,43.36,53.10,72.42,84.47,1,4,5,10,11,14,14,NULL);
/*!40000 ALTER TABLE `preciosmfo` ENABLE KEYS */;
UNLOCK TABLES;

--
-- Table structure for table `preventivo`
--

DROP TABLE IF EXISTS `preventivo`;
/*!40101 SET @saved_cs_client     = @@character_set_client */;
/*!50503 SET character_set_client = utf8mb4 */;
CREATE TABLE `preventivo` (
  `id` int(10) unsigned NOT NULL AUTO_INCREMENT,
  `idInstalacion` varchar(255) DEFAULT NULL,
  `idUsuario` varchar(250) DEFAULT NULL,
  `observacionesPreventivo` varchar(255) DEFAULT NULL,
  `fechaPreventivo` date DEFAULT NULL,
  `fechaInspeccionVoluntarioSemaforo` date DEFAULT NULL,
  `fechaInspeccionAlumbrado` date DEFAULT NULL,
  `estadoInspeccionVoluntarioSemaforo` varchar(255) DEFAULT NULL,
  `estadoInspeccionAlumbrado` varchar(255) DEFAULT NULL,
  `observacionesInspeccionVoluntarioSemaforo` varchar(255) DEFAULT NULL,
  `observacionesInspeccionAlumbrado` varchar(255) DEFAULT NULL,
  PRIMARY KEY (`id`),
  KEY `idInstalacion` (`idInstalacion`),
  KEY `idUsuario` (`idUsuario`)
) ENGINE=MyISAM AUTO_INCREMENT=7 DEFAULT CHARSET=utf8;
/*!40101 SET character_set_client = @saved_cs_client */;

--
-- Dumping data for table `preventivo`
--

LOCK TABLES `preventivo` WRITE;
/*!40000 ALTER TABLE `preventivo` DISABLE KEYS */;
INSERT INTO `preventivo` VALUES (1,'209','1','1545','2019-08-07','2019-08-07','2019-08-07','1545','1545','1545','1545'),(3,'10','1','129','2019-08-09','2019-08-16','2019-08-16','Favorable','Favorable','129','129'),(4,'108','1','234234','2019-08-02','2019-08-28','2019-08-09','Leve','Condicional','234234','sgfsfgdsfg'),(6,NULL,NULL,NULL,NULL,NULL,NULL,NULL,NULL,NULL,NULL);
/*!40000 ALTER TABLE `preventivo` ENABLE KEYS */;
UNLOCK TABLES;

--
-- Table structure for table `pulsadores`
--

DROP TABLE IF EXISTS `pulsadores`;
/*!40101 SET @saved_cs_client     = @@character_set_client */;
/*!50503 SET character_set_client = utf8mb4 */;
CREATE TABLE `pulsadores` (
  `id` int(10) unsigned NOT NULL AUTO_INCREMENT,
  `idInstalacion` varchar(255) DEFAULT NULL,
  `idTipoActuacion` int(11) DEFAULT NULL,
  `idNumSerie` varchar(255) DEFAULT NULL,
  `idUsuario` varchar(250) DEFAULT NULL,
  `observaciones` varchar(255) DEFAULT NULL,
  `fechaActuacion` date DEFAULT NULL,
  `precio` int(11) DEFAULT NULL,
  `activo` varchar(255) NOT NULL,
  `albaran` int(11) NOT NULL,
  PRIMARY KEY (`id`),
  KEY `idInstalacion` (`idInstalacion`),
  KEY `idTipoActuación` (`idTipoActuacion`),
  KEY `idNumSerie` (`idNumSerie`),
  KEY `idUsuario` (`idUsuario`)
) ENGINE=MyISAM DEFAULT CHARSET=utf8;
/*!40101 SET character_set_client = @saved_cs_client */;

--
-- Dumping data for table `pulsadores`
--

LOCK TABLES `pulsadores` WRITE;
/*!40000 ALTER TABLE `pulsadores` DISABLE KEYS */;
/*!40000 ALTER TABLE `pulsadores` ENABLE KEYS */;
UNLOCK TABLES;

--
-- Table structure for table `regulador`
--

DROP TABLE IF EXISTS `regulador`;
/*!40101 SET @saved_cs_client     = @@character_set_client */;
/*!50503 SET character_set_client = utf8mb4 */;
CREATE TABLE `regulador` (
  `id` int(10) unsigned NOT NULL AUTO_INCREMENT,
  `nombre` varchar(255) DEFAULT NULL,
  `idUsuario` varchar(250) DEFAULT NULL,
  `grupos` int(11) DEFAULT NULL,
  PRIMARY KEY (`id`),
  KEY `idUsuario` (`idUsuario`)
) ENGINE=MyISAM AUTO_INCREMENT=20 DEFAULT CHARSET=utf8;
/*!40101 SET character_set_client = @saved_cs_client */;

--
-- Dumping data for table `regulador`
--

LOCK TABLES `regulador` WRITE;
/*!40000 ALTER TABLE `regulador` DISABLE KEYS */;
INSERT INTO `regulador` VALUES (2,'CD8','1',NULL),(3,'CD16','1',NULL),(4,'CD32','1',NULL),(5,'CITY16','1',NULL),(6,'RD10','1',NULL),(7,'RD8','1',NULL),(8,'ALUV10','1',NULL),(9,'ALUV6','1',NULL),(10,'CD10','1',NULL),(11,'CD32','1',NULL),(12,'CITY6','1',NULL),(13,'CT','1',NULL),(14,'CVT','1',NULL),(15,'PB','1',NULL),(16,'RD8','1',NULL),(17,'RE','1',NULL),(18,'RM','1',NULL),(19,'TEMPORIZADOR','1',NULL);
/*!40000 ALTER TABLE `regulador` ENABLE KEYS */;
UNLOCK TABLES;

--
-- Table structure for table `tarjetas`
--

DROP TABLE IF EXISTS `tarjetas`;
/*!40101 SET @saved_cs_client     = @@character_set_client */;
/*!50503 SET character_set_client = utf8mb4 */;
CREATE TABLE `tarjetas` (
  `id` int(10) unsigned NOT NULL AUTO_INCREMENT,
  `idInstalacion` varchar(255) DEFAULT NULL,
  `idTipoActuacion` int(11) DEFAULT NULL,
  `idNumSerie` varchar(255) DEFAULT NULL,
  `idUsuario` varchar(250) DEFAULT NULL,
  `observaciones` varchar(255) DEFAULT NULL,
  `fechaActuacion` date DEFAULT NULL,
  `precio` int(11) DEFAULT NULL,
  `activo` varchar(255) DEFAULT NULL,
  `albaran` int(11) NOT NULL,
  `instalada` varchar(45) DEFAULT NULL,
  PRIMARY KEY (`id`),
  KEY `idInstalacion` (`idInstalacion`),
  KEY `idTipoActuación` (`idTipoActuacion`),
  KEY `idNumSerie` (`idNumSerie`),
  KEY `idUsuario` (`idUsuario`)
) ENGINE=MyISAM AUTO_INCREMENT=31 DEFAULT CHARSET=utf8;
/*!40101 SET character_set_client = @saved_cs_client */;

--
-- Dumping data for table `tarjetas`
--

LOCK TABLES `tarjetas` WRITE;
/*!40000 ALTER TABLE `tarjetas` DISABLE KEYS */;
INSERT INTO `tarjetas` VALUES (19,'1',4,'3334','1','23','2019-09-20',1,'true',12,'true'),(4,'10',3,'1','1','12312','2019-08-14',23,'true',12,'true'),(5,'10',3,'2','1','123','2019-08-21',0,'true',0,'true'),(20,'10',7,NULL,'1','asdf','2019-09-13',34,'true',0,'true'),(21,'10',7,NULL,'1','asdf','2019-09-13',34,'true',0,'true'),(22,'10',7,NULL,'1','asdf','2019-09-13',34,'true',0,'true'),(16,'1',1,'44','1','ihihigijjlol','2019-09-12',0,'false',66,'true'),(17,'1',4,'3334','1','asdfsdf','2019-09-13',0,'true',34,'true'),(18,'1',1,'44','1','sdf','2019-09-13',0,'true',1,'true'),(23,'10',7,NULL,'1','asdf','2019-09-13',34,'true',0,'true'),(24,'10',7,NULL,'1','','2019-09-27',0,'true',0,'true'),(25,'10',7,NULL,'1','','2019-09-27',0,'true',0,'true'),(26,'10',7,NULL,'1','','2019-09-27',0,'true',0,'true'),(27,'10',7,NULL,'1','','2019-09-27',0,'true',0,'true'),(28,'103',7,'45','','dghdfh','2019-10-08',475,'true',45,'true'),(29,'1',1,'44','','','2019-10-08',0,'true',0,'true'),(30,'1',4,'11','dtrillo','r','2019-10-11',0,'true',0,'true');
/*!40000 ALTER TABLE `tarjetas` ENABLE KEYS */;
UNLOCK TABLES;

--
-- Table structure for table `tipoactuacion`
--

DROP TABLE IF EXISTS `tipoactuacion`;
/*!40101 SET @saved_cs_client     = @@character_set_client */;
/*!50503 SET character_set_client = utf8mb4 */;
CREATE TABLE `tipoactuacion` (
  `id` int(10) unsigned NOT NULL AUTO_INCREMENT,
  `descripcion` varchar(255) DEFAULT NULL,
  `idUsuario` varchar(250) DEFAULT NULL,
  PRIMARY KEY (`id`),
  KEY `idUsuario` (`idUsuario`)
) ENGINE=MyISAM AUTO_INCREMENT=8 DEFAULT CHARSET=utf8;
/*!40101 SET character_set_client = @saved_cs_client */;

--
-- Dumping data for table `tipoactuacion`
--

LOCK TABLES `tipoactuacion` WRITE;
/*!40000 ALTER TABLE `tipoactuacion` DISABLE KEYS */;
INSERT INTO `tipoactuacion` VALUES (1,'Correctivo','1'),(3,'Preventivo','1'),(4,'MFO','1'),(7,'Nueva Instalación','1');
/*!40000 ALTER TABLE `tipoactuacion` ENABLE KEYS */;
UNLOCK TABLES;

--
-- Table structure for table `usuarios`
--

DROP TABLE IF EXISTS `usuarios`;
/*!40101 SET @saved_cs_client     = @@character_set_client */;
/*!50503 SET character_set_client = utf8mb4 */;
CREATE TABLE `usuarios` (
  `id` int(11) NOT NULL AUTO_INCREMENT,
  `nombre` varchar(255) DEFAULT NULL,
  `apellidos` varchar(255) DEFAULT NULL,
  `contrasena` varchar(255) NOT NULL,
  `fechaAlta` timestamp NULL DEFAULT CURRENT_TIMESTAMP,
  PRIMARY KEY (`id`)
) ENGINE=MyISAM AUTO_INCREMENT=14 DEFAULT CHARSET=utf8;
/*!40101 SET character_set_client = @saved_cs_client */;

--
-- Dumping data for table `usuarios`
--

LOCK TABLES `usuarios` WRITE;
/*!40000 ALTER TABLE `usuarios` DISABLE KEYS */;
INSERT INTO `usuarios` VALUES (1,'david','trillo','123','2019-07-24 08:31:51'),(3,'alicia',NULL,'$2y$10$dZJIdFUdlcEsj8jYvPF0IOZNtoxtoFAKH9TJVvPdqu/xgpugIQOyq','2019-07-24 10:51:39'),(8,'david8',NULL,'$2y$10$nY902zK4fG93KGkmnKDjJ.3TVy1ROsdi8QH3PIF/v23MTN1s.bfTG','2019-07-24 11:08:11'),(9,'david9',NULL,'$2y$10$/4wAOjYCO9h5IFPzAU9jx.NbkTvwecsNDxdPON3K2iIxx/OzfU5LS','2019-07-24 11:09:07'),(10,'david11',NULL,'$2y$10$628EZWKriTtRuxZaxhzNS.MSTLSccKtgRoqFPuNYIS1lZxU7/MZDu','2019-07-24 11:09:44'),(11,'david2',NULL,'$2y$10$SbN9oOLTcjRPqucVNV4Ma.SVrgSaXZ/4HocWJMReE7MqJhn02QQbe','2019-07-24 11:13:30'),(12,'david111',NULL,'$2y$10$NFRGNkKY9l925i.P1GZh9eQqrldBiFSYTsOOuR3Jv7QcoT2tANJP2','2019-07-24 11:29:23'),(13,'david4',NULL,'$2y$10$omKmZ.WCIYXuKu5NQOFKmuVMzSwMLcGtOUm09yvZzGQANPI91Tdva','2019-07-24 11:39:57');
/*!40000 ALTER TABLE `usuarios` ENABLE KEYS */;
UNLOCK TABLES;
/*!40103 SET TIME_ZONE=@OLD_TIME_ZONE */;

/*!40101 SET SQL_MODE=@OLD_SQL_MODE */;
/*!40014 SET FOREIGN_KEY_CHECKS=@OLD_FOREIGN_KEY_CHECKS */;
/*!40014 SET UNIQUE_CHECKS=@OLD_UNIQUE_CHECKS */;
/*!40101 SET CHARACTER_SET_CLIENT=@OLD_CHARACTER_SET_CLIENT */;
/*!40101 SET CHARACTER_SET_RESULTS=@OLD_CHARACTER_SET_RESULTS */;
/*!40101 SET COLLATION_CONNECTION=@OLD_COLLATION_CONNECTION */;
/*!40111 SET SQL_NOTES=@OLD_SQL_NOTES */;

-- Dump completed on 2019-10-09  8:39:27
